user_id,item_id
1,"[26601, 981760, 1075074, 995242, 5577022]"
3,"[26601, 1092026, 1044078, 981760, 1004906]"
6,"[26601, 1004906, 878996, 1024306, 845208]"
7,"[26601, 7147142, 995242, 909611, 1004906]"
8,"[26601, 916122, 981760, 1029743, 1004906]"
9,"[26601, 908531, 923746, 1029743, 1004906]"
13,"[26601, 859075, 1004906, 995242, 981760]"
14,"[26601, 1043590, 1044078, 981760, 1004906]"
15,"[26601, 1127831, 995242, 981760, 1004906]"
16,"[26601, 12138402, 2432562, 2399507, 1004906]"
17,"[26601, 844179, 981760, 899624, 1048462]"
18,"[26601, 1004906, 961554, 981760, 854852]"
19,"[26601, 1048462, 981760, 1044078, 1004906]"
20,"[26601, 1128363, 944454, 1058997, 1004906]"
22,"[26601, 1004906, 1127831, 1047619, 13115981]"
23,"[958023, 833754, 981760, 1075368, 1004906]"
24,"[26601, 1004906, 1044078, 1106523, 1096036]"
25,"[26601, 844179, 995242, 5568378, 1004906]"
26,"[26601, 995242, 981760, 1004906, 1048462]"
27,"[26601, 1004906, 1052920, 1029252, 981760]"
28,"[5996184, 1004906, 1079878, 6534881, 981760]"
29,"[26601, 995242, 838602, 1004906, 981760]"
30,"[26601, 1068719, 981760, 1044078, 1004906]"
31,"[26601, 995965, 916122, 981760, 1004906]"
32,"[26601, 1127831, 961554, 820222, 1004906]"
33,"[26601, 1068719, 1096036, 1106523, 1004906]"
34,"[26601, 859075, 1044078, 981760, 1004906]"
35,"[26601, 981760, 833648, 12384636, 1004906]"
36,"[26601, 1031260, 981760, 1029743, 1004906]"
37,"[26601, 981760, 1004906, 844165, 1097001]"
39,"[26601, 916122, 901062, 961554, 1004906]"
40,"[26601, 1004906, 854852, 903325, 1037863]"
41,"[26601, 981760, 1004906, 9651582, 1044805]"
42,"[26601, 955879, 856788, 981760, 1004906]"
43,"[844165, 6391137, 1106523, 1004906, 981760]"
46,"[26601, 1004906, 981760, 878996, 1029743]"
47,"[26601, 892294, 981760, 10255091, 1004906]"
48,"[26601, 1004906, 7168759, 981760, 1048462]"
49,"[26601, 1004906, 962568, 981760, 5569471]"
52,"[26601, 1068719, 1127831, 962568, 1004906]"
53,"[26601, 1004906, 902238, 981760, 1048462]"
55,"[26601, 995242, 8090537, 844165, 1004906]"
56,"[26601, 930917, 1048462, 981760, 1004906]"
57,"[13072793, 981760, 854852, 1004906, 1048462]"
58,"[26601, 901062, 916122, 961554, 1004906]"
59,"[26601, 844179, 899624, 981760, 1048462]"
60,"[26601, 9878763, 961554, 995242, 1004906]"
63,"[5587039, 1062572, 897733, 1004906, 981760]"
64,"[26601, 930917, 1048462, 981760, 1004906]"
65,"[26601, 1029743, 981760, 859075, 1004906]"
67,"[26601, 866211, 1127831, 961554, 1004906]"
68,"[26601, 1048462, 1044078, 981760, 1004906]"
69,"[26601, 1068719, 1044078, 910673, 1004906]"
70,"[26601, 993638, 981760, 1039156, 1004906]"
71,"[981760, 1044078, 1008288, 1004906, 1048462]"
72,"[26601, 995242, 1127831, 878996, 1004906]"
73,"[26601, 13157882, 13189983, 1004906, 981760]"
74,"[26601, 1004906, 923746, 981760, 1044078]"
75,"[26601, 459074, 706699, 562184, 1004906]"
76,"[26601, 992985, 6534177, 965490, 1004906]"
77,"[26601, 1127831, 961554, 981760, 1004906]"
78,"[26601, 1004906, 1121808, 835634, 995055]"
79,"[26601, 1053690, 981760, 12263279, 1004906]"
80,"[26601, 878996, 981760, 1044078, 1004906]"
81,"[26601, 859075, 981760, 1133018, 1004906]"
82,"[1070702, 1000753, 1119761, 1004906, 981760]"
83,"[26601, 850133, 819302, 1004906, 981760]"
84,"[26601, 834871, 868751, 903529, 1004906]"
85,"[26601, 961554, 981760, 983936, 1004906]"
86,"[26601, 8090537, 981760, 1022428, 1004906]"
87,"[26601, 1004906, 975490, 955240, 6391089]"
88,"[26601, 1044078, 995242, 1065593, 1004906]"
89,"[26601, 1004906, 12518075, 981760, 1048462]"
90,"[26601, 1004906, 6513914, 1088775, 862535]"
91,"[26601, 835841, 1060912, 1024833, 1004906]"
92,"[26601, 961554, 981760, 845208, 1004906]"
94,"[26601, 981760, 1005186, 1004906, 1048462]"
95,"[26601, 1004906, 844179, 995242, 908531]"
97,"[26601, 1044078, 1004906, 981760, 1048462]"
98,"[26601, 1065593, 981760, 1095040, 1004906]"
99,"[26601, 981760, 878996, 908531, 1004906]"
101,"[26601, 1004906, 844179, 5569230, 1133018]"
103,"[26601, 1133018, 1044078, 1092026, 1004906]"
104,"[26601, 1127831, 981760, 1004906, 1048462]"
105,"[26601, 981760, 1044078, 847982, 1004906]"
106,"[26601, 7464579, 14111644, 13910409, 1004906]"
108,"[26601, 962266, 1105488, 1127831, 1004906]"
109,"[26601, 1135886, 854852, 961554, 1004906]"
110,"[26601, 1044078, 981760, 1133018, 1004906]"
111,"[26601, 854852, 981760, 1004906, 1048462]"
112,"[26601, 879977, 9337581, 1105615, 1004906]"
113,"[26601, 1127831, 981760, 833025, 1004906]"
114,"[26601, 1029513, 995242, 5568489, 1004906]"
115,"[26601, 866211, 933835, 1127831, 1004906]"
116,"[26601, 1133018, 981760, 908531, 1004906]"
117,"[26601, 854852, 981760, 1004906, 1048462]"
118,"[26601, 1061068, 938849, 1004906, 981760]"
119,"[26601, 1127831, 16729296, 820296, 1004906]"
120,"[26601, 1004906, 1110843, 1082311, 981760]"
121,"[26601, 1004906, 1044078, 923746, 981760]"
122,"[26601, 1053690, 1044078, 844179, 1004906]"
123,"[26601, 995242, 1004906, 981760, 1048462]"
124,"[26601, 859075, 981760, 844179, 1004906]"
125,"[26601, 908531, 844179, 981760, 1004906]"
127,"[26601, 1004906, 981760, 961554, 1048462]"
128,"[26601, 981760, 1004906, 878996, 1037863]"
131,"[26601, 961554, 981760, 995242, 1004906]"
132,"[26601, 866211, 6034857, 854852, 1004906]"
133,"[26601, 995242, 1127831, 962568, 1004906]"
135,"[26601, 8069048, 959455, 862349, 1004906]"
136,"[26601, 981760, 1044078, 1133018, 1004906]"
138,"[26601, 1004906, 981760, 1081177, 1048462]"
139,"[26601, 1074530, 968695, 1004906, 981760]"
142,"[26601, 1004906, 1093966, 1074524, 1013826]"
143,"[26601, 1004906, 981760, 5569230, 1048462]"
144,"[26601, 923746, 1106523, 981760, 1004906]"
145,"[26601, 13842104, 15716444, 8090513, 1004906]"
147,"[26601, 995242, 908531, 909894, 1004906]"
148,"[26601, 1004906, 921952, 995242, 1003487]"
149,"[26601, 961554, 854852, 1137775, 1004906]"
151,"[26601, 981760, 961554, 995242, 1004906]"
152,"[26601, 6463477, 836891, 1127831, 1004906]"
153,"[26601, 1006386, 981760, 1047557, 1004906]"
154,"[26601, 6513714, 844165, 981760, 1004906]"
155,"[26601, 9419960, 844179, 1029743, 1004906]"
156,"[26601, 908531, 995242, 1127831, 1004906]"
157,"[26601, 2593357, 981760, 919589, 1004906]"
158,"[26601, 1023720, 878996, 862349, 1004906]"
159,"[26601, 1048462, 981760, 923746, 1096036]"
160,"[26601, 1127831, 5580525, 1005186, 1004906]"
161,"[26601, 844179, 981760, 833025, 1004906]"
162,"[26601, 981760, 1004906, 902856, 1048462]"
163,"[26601, 981760, 962568, 1127831, 1004906]"
164,"[26601, 995242, 908531, 1044078, 1004906]"
165,"[26601, 961554, 962568, 1127831, 1004906]"
166,"[26601, 1004906, 981760, 1106523, 1053690]"
167,"[26601, 1004906, 918534, 893097, 10356022]"
171,"[26601, 1004906, 995242, 1044078, 981760]"
172,"[1048462, 1004906, 6533765, 981760, 5569230]"
175,"[26601, 961554, 981760, 1037863, 1004906]"
177,"[26601, 905064, 1127831, 703161, 1004906]"
178,"[26601, 1004906, 1053690, 963686, 981760]"
180,"[26601, 844179, 981760, 899624, 1048462]"
182,"[26601, 1044078, 1133018, 923746, 1004906]"
183,"[26601, 923751, 1026118, 1106523, 1004906]"
184,"[26601, 5572234, 962568, 896085, 1004906]"
185,"[26601, 1048462, 981760, 844179, 8090537]"
188,"[26601, 1044078, 1133018, 981760, 1004906]"
189,"[26601, 1040807, 951590, 1004906, 981760]"
191,"[26601, 1052945, 856788, 1004906, 981760]"
192,"[26601, 1004906, 965543, 981760, 995242]"
193,"[26601, 1004906, 913278, 8090537, 1029743]"
194,"[26601, 1127831, 854852, 981760, 1004906]"
195,"[26601, 859075, 995242, 981760, 1004906]"
196,"[26601, 1004906, 1044078, 965766, 981760]"
197,"[26601, 997988, 9881593, 951590, 1004906]"
198,"[26601, 1133018, 844179, 1004906, 981760]"
199,"[26601, 1072297, 983673, 904537, 1004906]"
200,"[26601, 1044078, 1037894, 13115505, 1004906]"
201,"[26601, 833025, 1044078, 981760, 1004906]"
203,"[26601, 1004906, 1029743, 833025, 981760]"
204,"[26601, 962568, 1127831, 878996, 1004906]"
205,"[26601, 1004906, 1072523, 1106523, 1026118]"
206,"[26601, 981760, 1004906, 1106523, 1092026]"
207,"[26601, 1127831, 961554, 1081177, 1004906]"
208,"[26601, 878996, 981760, 899624, 1048462]"
209,"[26601, 899624, 981760, 923746, 1048462]"
210,"[26601, 1004906, 981760, 1068719, 1048462]"
211,"[26601, 1133018, 847962, 962229, 1004906]"
212,"[26601, 1004906, 981760, 1044078, 1048462]"
214,"[26601, 907141, 10456226, 13213453, 1004906]"
215,"[26601, 991435, 961554, 894260, 1004906]"
216,"[1004906, 994764, 874832, 927277, 981760]"
217,"[26601, 854852, 981760, 5569471, 1004906]"
218,"[26601, 1004906, 1105467, 965772, 981760]"
219,"[26601, 1048462, 1004906, 981760, 854852]"
220,"[26601, 1004906, 995242, 914190, 981760]"
221,"[26601, 1004906, 896369, 1133018, 981760]"
222,"[26601, 961554, 981760, 1096036, 1004906]"
223,"[26601, 923746, 981760, 899624, 1048462]"
224,"[26601, 1068719, 1133018, 981760, 1004906]"
225,"[26601, 995242, 987122, 1004906, 981760]"
226,"[26601, 859075, 1044078, 995242, 1004906]"
227,"[26601, 981760, 1004906, 954424, 1048462]"
228,"[26601, 961554, 981760, 8118727, 1004906]"
230,"[26601, 995242, 1044078, 1004906, 981760]"
232,"[26601, 1096036, 1038217, 908531, 1004906]"
233,"[26601, 878996, 1087960, 995242, 1004906]"
235,"[26601, 916122, 981760, 862732, 1004906]"
236,"[26601, 961554, 8119157, 7433886, 1004906]"
237,"[26601, 981760, 1029743, 5569230, 1004906]"
238,"[26601, 844179, 981760, 1081177, 1004906]"
239,"[26601, 1065593, 1044078, 981760, 1004906]"
240,"[26601, 1106523, 1003850, 1410735, 1004906]"
242,"[26601, 933835, 961554, 859075, 1004906]"
243,"[26601, 854852, 1127831, 6034857, 1004906]"
244,"[26601, 1108412, 981760, 909894, 1004906]"
245,"[26601, 995242, 1044078, 833025, 1004906]"
246,"[26601, 1135882, 1048472, 1116068, 1004906]"
247,"[26601, 878996, 981760, 1133018, 1004906]"
248,"[26601, 1523514, 6400829, 5978585, 1004906]"
249,"[26601, 1004906, 1044078, 833025, 981760]"
250,"[26601, 1004906, 1076875, 951590, 1029743]"
251,"[26601, 1044078, 1053690, 1004906, 981760]"
253,"[26601, 1044078, 981760, 909894, 1004906]"
254,"[26601, 1127831, 1106523, 952698, 1004906]"
255,"[26601, 995242, 951590, 5569230, 1004906]"
256,"[26601, 1004906, 10344585, 5568378, 1012284]"
257,"[26601, 1068719, 981760, 1004906, 1048462]"
258,"[26601, 1065593, 981760, 1096036, 1004906]"
259,"[26601, 1020466, 881154, 9677159, 1004906]"
260,"[26601, 1026118, 1028816, 981760, 1004906]"
261,"[26601, 5568378, 995242, 981760, 1004906]"
262,"[26601, 893018, 859075, 1076571, 1004906]"
263,"[26601, 930917, 981760, 951590, 995242]"
267,"[954809, 1004906, 1060278, 929373, 981760]"
269,"[26601, 923746, 1133018, 1139782, 1004906]"
271,"[26601, 1085256, 821358, 1137775, 1004906]"
273,"[26601, 1106523, 1053690, 1068719, 1004906]"
275,"[26601, 1037863, 923746, 1133018, 1004906]"
276,"[26601, 899624, 1044078, 981760, 1048462]"
277,"[26601, 899624, 995242, 981760, 1048462]"
278,"[26601, 836770, 895680, 5568378, 1004906]"
279,"[26601, 1004906, 981760, 962568, 1048462]"
280,"[26601, 844179, 981760, 1106523, 1004906]"
281,"[26601, 854852, 981760, 995242, 1004906]"
282,"[26601, 1004906, 7168129, 916122, 981760]"
283,"[26601, 1127831, 995242, 961554, 1004906]"
285,"[26601, 1048462, 1004906, 981760, 844179]"
286,"[869333, 9570387, 1089440, 1004906, 981760]"
287,"[26601, 981760, 1044078, 1068719, 1004906]"
288,"[26601, 854852, 878996, 1026118, 1004906]"
289,"[26601, 1127831, 854852, 961554, 1004906]"
290,"[26601, 981760, 1044078, 995242, 1004906]"
291,"[26601, 1068719, 1044078, 1106523, 1004906]"
292,"[26601, 981760, 1044078, 5569230, 1004906]"
293,"[26601, 854852, 981760, 1034686, 1004906]"
294,"[26601, 913785, 981760, 995242, 1004906]"
297,"[26601, 981760, 1044078, 859075, 908531]"
300,"[26601, 899624, 981760, 1068719, 1048462]"
301,"[26601, 961554, 866211, 845774, 1004906]"
302,"[26601, 876705, 934788, 1124342, 1004906]"
303,"[26601, 1044078, 981760, 951590, 1004906]"
304,"[26601, 1004906, 1044078, 981760, 908531]"
305,"[26601, 1044089, 1133850, 1004906, 981760]"
306,"[26601, 899624, 981760, 962568, 1048462]"
307,"[1014732, 1004906, 819765, 1074040, 981760]"
308,"[10457351, 1043787, 916122, 824022, 1004906]"
311,"[26601, 1127831, 1005186, 1004906, 981760]"
314,"[26601, 859075, 1127831, 981760, 1004906]"
316,"[26601, 1068719, 981760, 859075, 1004906]"
317,"[26601, 916122, 981760, 951590, 1004906]"
318,"[26601, 1133018, 981760, 1004906, 1048462]"
319,"[26601, 844179, 981760, 1004906, 1048462]"
320,"[26601, 854852, 1127831, 1137688, 1004906]"
321,"[26601, 1058997, 878996, 6034857, 1004906]"
322,"[26601, 1127831, 981760, 8090556, 1004906]"
324,"[26601, 854852, 961554, 951412, 1004906]"
325,"[26601, 1127831, 995242, 1053690, 1004906]"
326,"[26601, 1004906, 1137346, 8090521, 981760]"
328,"[26601, 961554, 854852, 903325, 1004906]"
329,"[26601, 1004906, 995242, 854852, 979707]"
331,"[26601, 1029743, 981760, 1053690, 1004906]"
332,"[26601, 981760, 1004906, 961554, 962568]"
334,"[26601, 1139569, 981760, 957420, 1004906]"
335,"[26601, 1026118, 854852, 1037863, 1004906]"
338,"[26601, 981760, 845208, 1026118, 1133018]"
339,"[26601, 1044078, 1133018, 923746, 1004906]"
341,"[955258, 938983, 924305, 916122, 1004906]"
342,"[26601, 981760, 1044078, 859075, 1004906]"
343,"[26601, 916122, 8119231, 995242, 1004906]"
345,"[26601, 916122, 961554, 981760, 1004906]"
346,"[26601, 1004906, 962568, 981760, 1048462]"
347,"[963880, 877046, 1139483, 1004906, 981760]"
348,"[26601, 923746, 981760, 1096036, 1004906]"
349,"[26601, 1106523, 981760, 1075263, 1004906]"
350,"[26601, 1004906, 951590, 1085604, 981760]"
351,"[26601, 1004906, 981760, 951590, 1106523]"
353,"[26601, 962568, 1127831, 961554, 1004906]"
354,"[26601, 910032, 1044078, 951590, 1004906]"
356,"[1004906, 1055831, 1049735, 1042940, 981760]"
357,"[26601, 1004906, 859075, 961554, 878996]"
358,"[26601, 844179, 1004906, 916122, 981760]"
360,"[26601, 981760, 1044078, 906262, 1004906]"
361,"[26601, 1004906, 962568, 981760, 844179]"
362,"[26601, 1081533, 981760, 1128395, 1004906]"
364,"[26601, 1044078, 844179, 1004906, 981760]"
365,"[26601, 878996, 981760, 1022254, 1004906]"
367,"[26601, 1004906, 1127831, 961554, 1024306]"
368,"[26601, 912676, 6391484, 1110697, 1004906]"
371,"[26601, 1004906, 962568, 1127831, 961554]"
374,"[26601, 848071, 1081177, 1015296, 1004906]"
375,"[26601, 981760, 995242, 833025, 1004906]"
376,"[26601, 1004906, 844165, 1044078, 1133018]"
377,"[26601, 6979160, 981760, 994223, 1004906]"
378,"[26601, 1004906, 833025, 1005186, 962568]"
380,"[26601, 1048462, 981760, 1004906, 5569230]"
381,"[26601, 833025, 1029743, 859075, 1004906]"
382,"[26601, 12385227, 995242, 982112, 1004906]"
384,"[26601, 915617, 1127831, 1067419, 1004906]"
385,"[26601, 859075, 933835, 981760, 1004906]"
386,"[26601, 981760, 1044078, 859075, 1004906]"
387,"[26601, 916122, 961554, 1126899, 1004906]"
388,"[26601, 945627, 908531, 995242, 1004906]"
389,"[26601, 1127831, 981760, 878996, 1004906]"
390,"[26601, 995242, 981760, 5569230, 1004906]"
392,"[26601, 916122, 979707, 854852, 1004906]"
393,"[26601, 859075, 1044078, 908531, 1004906]"
394,"[26601, 878996, 854852, 916122, 1004906]"
395,"[26601, 1004906, 995242, 1053690, 981760]"
396,"[26601, 961554, 879031, 1004906, 981760]"
397,"[26601, 9189814, 916122, 13842214, 1004906]"
398,"[26601, 908531, 1092026, 1044078, 1004906]"
399,"[26601, 916122, 951590, 844179, 1004906]"
400,"[26601, 5569230, 981760, 844179, 1004906]"
401,"[26601, 1048462, 995242, 981760, 923746]"
402,"[26601, 859075, 9189814, 13842214, 1004906]"
403,"[26601, 844179, 981760, 995242, 1004906]"
404,"[26601, 1137688, 1081177, 992986, 1004906]"
405,"[26601, 1004906, 981760, 859075, 1048462]"
406,"[26601, 1024306, 1127831, 854852, 1004906]"
408,"[26601, 899624, 981760, 1096036, 1048462]"
409,"[26601, 962568, 961554, 854852, 1004906]"
410,"[26601, 995242, 981760, 923746, 1004906]"
411,"[26601, 923746, 981760, 951590, 1004906]"
412,"[26601, 7167853, 981760, 1005186, 1004906]"
413,"[26601, 1009449, 981760, 970160, 1004906]"
414,"[26601, 1004906, 844179, 916122, 981760]"
415,"[921622, 864893, 13910824, 1004906, 981760]"
417,"[26601, 1004906, 981760, 1127831, 1048462]"
418,"[26601, 1004906, 916122, 995242, 1022340]"
419,"[26601, 981760, 995242, 859075, 1004906]"
420,"[26601, 995242, 981760, 1004906, 1048462]"
421,"[26601, 995242, 1127831, 981760, 1004906]"
424,"[26601, 1004906, 6533878, 981760, 1048462]"
425,"[26601, 923746, 1044078, 893018, 1004906]"
426,"[26601, 981760, 1127831, 961554, 1004906]"
427,"[26601, 1004906, 942170, 1118632, 1029743]"
430,"[13115639, 1004906, 1053690, 908531, 15717285]"
431,"[26601, 995242, 5569230, 968687, 1004906]"
432,"[26601, 981760, 1044078, 995242, 1004906]"
433,"[26601, 845208, 981760, 923746, 1004906]"
434,"[26601, 1044078, 981760, 967757, 1004906]"
435,"[26601, 1004906, 1053690, 981760, 1048462]"
436,"[26601, 866211, 1127831, 878996, 1004906]"
437,"[26601, 995242, 981760, 6533878, 1004906]"
438,"[26601, 961554, 1127831, 859075, 1004906]"
439,"[26601, 5567421, 1086119, 1004906, 981760]"
441,"[9707137, 961554, 9878540, 1004906, 981760]"
442,"[26601, 1127831, 961554, 916122, 1004906]"
443,"[26601, 9221763, 899624, 981760, 1048462]"
445,"[26601, 1130763, 8090521, 1004944, 1004906]"
446,"[26601, 5581925, 937909, 13416349, 1004906]"
447,"[26601, 981760, 995242, 1044078, 1004906]"
448,"[26601, 981760, 1128016, 995965, 1004906]"
449,"[26601, 1029743, 1017879, 1093502, 1004906]"
450,"[26601, 1004906, 9189814, 995242, 13842214]"
451,"[26601, 845208, 981760, 999189, 1004906]"
452,"[26601, 844179, 1044078, 1133018, 1004906]"
454,"[26601, 1004906, 1044078, 981760, 845208]"
456,"[26601, 981760, 1004906, 5569230, 901916]"
457,"[26601, 1044078, 981760, 995242, 1004906]"
458,"[26601, 878996, 981760, 1127831, 1004906]"
459,"[894137, 12262832, 972312, 13007846, 1004906]"
460,"[26601, 981760, 1017459, 1004906, 1048462]"
461,"[26601, 995242, 916122, 833025, 1004906]"
462,"[26601, 854852, 981760, 1024306, 1004906]"
463,"[26601, 923746, 1133018, 878996, 1004906]"
464,"[26601, 1004906, 981760, 961554, 1048462]"
466,"[26601, 1068719, 1044078, 844179, 1004906]"
467,"[26601, 878996, 981760, 899624, 1048462]"
468,"[26601, 923746, 1044078, 5592931, 1004906]"
469,"[26601, 981760, 1004906, 961554, 878996]"
470,"[981760, 1004906, 1119784, 986596, 1048462]"
471,"[26601, 1127831, 1133018, 1004906, 981760]"
472,"[26601, 961554, 981760, 951590, 1004906]"
473,"[26601, 995242, 981760, 1004906, 1048462]"
474,"[26601, 1004906, 1044078, 1133018, 981760]"
475,"[26601, 844179, 995242, 1004906, 981760]"
476,"[26601, 5568378, 1106523, 965766, 1004906]"
477,"[26601, 981760, 908531, 909894, 1004906]"
479,"[26601, 1004906, 1085604, 981760, 1048462]"
480,"[26601, 878996, 854852, 916122, 1004906]"
481,"[26601, 899624, 844179, 981760, 1048462]"
482,"[26601, 1133018, 1044078, 1068719, 1004906]"
483,"[26601, 1044078, 923746, 5592931, 1004906]"
484,"[26601, 1043166, 1048750, 1006483, 1004906]"
485,"[26601, 1068719, 981760, 1004906, 1048462]"
486,"[197681, 417578, 142450, 1004906, 981760]"
487,"[26601, 9337193, 1386230, 9337138, 1004906]"
488,"[26601, 854852, 981760, 1037863, 1004906]"
489,"[26601, 1127831, 878996, 1023720, 1004906]"
490,"[26601, 859075, 5568378, 5569230, 1004906]"
491,"[26601, 981222, 961554, 1039927, 1004906]"
493,"[26601, 981760, 1004906, 995242, 951197]"
495,"[26601, 981760, 1044078, 899624, 1048462]"
496,"[26601, 1044078, 981760, 1133018, 1004906]"
497,"[26601, 977854, 9707137, 1004906, 981760]"
498,"[26601, 844179, 981760, 859075, 1004906]"
501,"[26601, 854852, 995242, 961554, 1004906]"
502,"[26601, 1044078, 981760, 859075, 1004906]"
503,"[26601, 1046262, 903325, 961554, 1004906]"
505,"[874972, 5569230, 962991, 1004906, 981760]"
506,"[26601, 1004906, 7443367, 1058133, 981760]"
507,"[26601, 1004906, 1008012, 981760, 1048462]"
510,"[26601, 878996, 1127831, 854852, 1004906]"
511,"[26601, 981760, 1044078, 995242, 1004906]"
512,"[26601, 1004906, 981760, 844179, 1048462]"
513,"[26601, 999858, 981760, 1018740, 1004906]"
514,"[26601, 981760, 1004906, 878996, 866211]"
515,"[26601, 923746, 1044078, 1106523, 1004906]"
517,"[26601, 916122, 961554, 981760, 1004906]"
518,"[26601, 961554, 981760, 908531, 1004906]"
519,"[26601, 995242, 1127831, 961554, 1004906]"
520,"[26601, 1044078, 981760, 1004906, 1048462]"
521,"[26601, 848071, 1028816, 1026118, 1004906]"
523,"[26601, 1029743, 1005186, 1110572, 1004906]"
524,"[26601, 1037863, 878996, 961554, 1004906]"
525,"[26601, 1016195, 1127831, 6396018, 1004906]"
526,"[26601, 1053690, 981760, 859075, 1004906]"
527,"[26601, 1004906, 6514259, 1131321, 933835]"
528,"[981760, 854852, 8181014, 1004906, 1048462]"
530,"[26601, 839825, 981760, 951412, 1004906]"
532,"[26601, 962568, 981760, 1057102, 1004906]"
534,"[26601, 1050699, 841228, 995242, 1004906]"
536,"[26601, 1004906, 1044078, 5568378, 981760]"
537,"[26601, 1284630, 941052, 1128163, 1004906]"
538,"[26601, 916122, 1127831, 1070820, 1004906]"
539,"[26601, 856252, 981760, 914190, 1004906]"
540,"[26601, 13115578, 1127831, 989830, 1004906]"
541,"[26601, 1106523, 981760, 1004906, 1048462]"
542,"[26601, 1133018, 981760, 1044078, 1004906]"
543,"[26601, 981760, 1004906, 820486, 1048462]"
544,"[26601, 866211, 1127831, 13134116, 1004906]"
545,"[26601, 929834, 9297609, 903463, 1004906]"
548,"[26601, 962568, 981760, 7410290, 1004906]"
550,"[26601, 847982, 961554, 995242, 1004906]"
551,"[26601, 1127831, 962568, 995242, 1004906]"
553,"[26601, 962568, 5569230, 981760, 1004906]"
554,"[867785, 13039234, 1106523, 6533878, 1004906]"
557,"[26601, 1127831, 819330, 10455906, 1004906]"
558,"[26601, 899624, 1044078, 981760, 1048462]"
560,"[26601, 1004906, 995242, 981760, 1048462]"
561,"[854852, 1000753, 981760, 1004906, 1048462]"
562,"[1115069, 1005186, 6442441, 1004996, 1004906]"
564,"[26601, 995242, 981760, 1079541, 1004906]"
567,"[26601, 1004906, 1044078, 1065593, 981760]"
568,"[26601, 1004906, 1068719, 1043590, 1106523]"
569,"[26601, 913894, 1127831, 6391080, 1004906]"
570,"[26601, 833025, 981760, 899624, 1048462]"
573,"[26601, 995242, 981760, 844179, 1004906]"
574,"[26601, 1004906, 961554, 859075, 5568378]"
575,"[26601, 1081177, 961554, 979707, 1004906]"
577,"[26601, 1110244, 1095040, 1004906, 981760]"
578,"[26601, 1004906, 932175, 907392, 981760]"
579,"[26601, 878996, 995242, 962568, 1004906]"
580,"[1048462, 1004906, 1118946, 981760, 1077555]"
581,"[26601, 859075, 1127831, 1003178, 1004906]"
582,"[26601, 1004906, 981760, 5569230, 1048462]"
583,"[26601, 5569230, 1053690, 908531, 1004906]"
585,"[26601, 8292754, 908531, 859075, 1004906]"
586,"[26601, 859075, 844179, 916122, 1004906]"
587,"[26601, 995242, 863449, 1004906, 981760]"
588,"[26601, 995242, 981760, 1004906, 1048462]"
590,"[26601, 1044078, 981760, 1068719, 1004906]"
591,"[26601, 1004906, 844179, 951590, 981760]"
592,"[26601, 961554, 981760, 854852, 1004906]"
593,"[26601, 981760, 1133018, 5592931, 1004906]"
594,"[26601, 1133018, 981760, 899624, 1048462]"
595,"[26601, 1118648, 908531, 1044078, 1004906]"
596,"[26601, 1004906, 1044078, 8090537, 845208]"
597,"[26601, 981760, 909894, 1079292, 1004906]"
598,"[26601, 1081177, 981760, 1068719, 1004906]"
599,"[26601, 923746, 1127831, 6391384, 1004906]"
600,"[26601, 1029743, 981760, 5569230, 1004906]"
601,"[26601, 1004906, 934045, 1126899, 981760]"
602,"[26601, 981760, 1004906, 944139, 1053690]"
603,"[26601, 1068719, 1044078, 1004906, 981760]"
604,"[26601, 1004906, 6704415, 7441668, 981760]"
605,"[26601, 1004906, 6533746, 13133916, 993441]"
606,"[26601, 854852, 961554, 995242, 1004906]"
608,"[26601, 910673, 1106523, 1038462, 1004906]"
609,"[26601, 908531, 1133018, 1044078, 1004906]"
610,"[26601, 1127831, 995242, 961554, 1004906]"
611,"[26601, 958069, 9803678, 7409663, 1004906]"
612,"[26601, 981760, 995242, 943233, 1004906]"
614,"[26601, 1004906, 1127831, 961554, 965766]"
615,"[26601, 1004906, 833025, 995242, 981760]"
617,"[26601, 962568, 916122, 1137176, 1004906]"
618,"[26601, 1133018, 981760, 1004906, 1048462]"
621,"[26601, 1110857, 885863, 1112825, 1004906]"
622,"[26601, 927030, 981760, 5568378, 1004906]"
623,"[26601, 981760, 908531, 909894, 1004906]"
624,"[26601, 1048462, 981760, 1044078, 1133018]"
625,"[26601, 878996, 1127831, 961554, 1004906]"
627,"[1082040, 916122, 954642, 6533834, 1004906]"
628,"[26601, 1004906, 830955, 1029743, 981760]"
630,"[26601, 1127831, 961554, 981760, 1004906]"
631,"[26601, 1004906, 961554, 981760, 1048462]"
632,"[26601, 844179, 981760, 1004906, 1048462]"
633,"[26601, 1065593, 1044078, 9337581, 1004906]"
635,"[26601, 970160, 1037863, 1106523, 1004906]"
636,"[26601, 1038217, 1044078, 1096036, 1004906]"
637,"[26601, 5568378, 1044078, 1092026, 1004906]"
638,"[26601, 995242, 981760, 1004906, 1048462]"
640,"[26601, 923746, 1133018, 981760, 1004906]"
641,"[26601, 981760, 854852, 916122, 1004906]"
643,"[26601, 1004906, 961554, 995242, 981760]"
644,"[26601, 8065410, 961554, 981760, 1004906]"
647,"[26601, 1044078, 981760, 951590, 1004906]"
648,"[26601, 1085563, 865757, 854852, 1004906]"
650,"[26601, 1523514, 6400829, 1716287, 1004906]"
652,"[26601, 1004906, 1070727, 995242, 981760]"
653,"[26601, 833025, 1004906, 981760, 1048462]"
654,"[26601, 981760, 995242, 844179, 1004906]"
655,"[26601, 1004906, 1068719, 981760, 1044078]"
656,"[26601, 1106523, 1044078, 5569230, 1004906]"
658,"[26601, 951590, 1004906, 981760, 930917]"
659,"[26601, 926544, 1015508, 1004906, 981760]"
660,"[26601, 1127831, 1029743, 866211, 1004906]"
661,"[26601, 1004906, 1138292, 5569230, 1044078]"
662,"[8090521, 897808, 1029743, 1004906, 981760]"
663,"[26601, 1092026, 908531, 8090521, 1004906]"
664,"[26601, 844179, 1044078, 1068719, 1004906]"
665,"[26601, 931124, 1071171, 1047256, 1004906]"
666,"[26601, 1133018, 1044078, 1004906, 981760]"
667,"[26601, 909894, 981760, 1068719, 1004906]"
668,"[26601, 878996, 981760, 962568, 1004906]"
669,"[26601, 6034857, 1127831, 1105488, 1004906]"
670,"[26601, 878996, 1127831, 981760, 1004906]"
671,"[26601, 1044078, 859075, 951590, 1004906]"
672,"[26601, 1004906, 859075, 995242, 981760]"
673,"[26601, 844179, 981760, 899624, 1048462]"
674,"[26601, 1103629, 981760, 1004906, 1048462]"
675,"[26601, 1048462, 1004906, 981760, 1044078]"
676,"[26601, 1038217, 1004906, 1044078, 981760]"
677,"[26601, 916122, 981760, 854852, 1004906]"
679,"[26601, 1127831, 981760, 5569230, 1004906]"
680,"[26601, 981760, 1004906, 844179, 1048462]"
681,"[26601, 981760, 1004906, 8019916, 967461]"
684,"[26601, 1133018, 5995340, 1004906, 981760]"
685,"[26601, 12810393, 981760, 1015539, 1004906]"
686,"[982469, 981760, 844179, 1004906, 1048462]"
687,"[26601, 1004906, 981760, 965766, 1048462]"
690,"[26601, 844179, 981760, 1044078, 1004906]"
692,"[26601, 1004906, 854852, 972416, 938283]"
693,"[26601, 1127831, 981760, 961554, 1004906]"
694,"[26601, 1004906, 1029743, 844165, 1037840]"
695,"[26601, 1004906, 995242, 981760, 1127831]"
696,"[26601, 1127831, 961554, 878996, 1004906]"
697,"[26601, 916122, 854852, 1127831, 1004906]"
698,"[26601, 844165, 879755, 1004906, 981760]"
699,"[26601, 1099164, 981760, 899624, 1048462]"
700,"[26601, 1048462, 981760, 899624, 930917]"
701,"[26601, 999270, 1004906, 981760, 1048462]"
702,"[26601, 1044078, 995242, 981760, 1004906]"
703,"[26601, 916122, 1127831, 961554, 1004906]"
705,"[26601, 1004906, 995242, 912112, 981760]"
706,"[26601, 916122, 995242, 961554, 1004906]"
707,"[26601, 995242, 1127831, 844179, 1004906]"
708,"[26601, 961554, 995242, 845208, 1004906]"
709,"[26601, 899624, 1044078, 844179, 981760]"
710,"[26601, 1053690, 1044078, 960318, 1004906]"
711,"[26601, 1029743, 1026946, 1004906, 981760]"
712,"[26601, 1048462, 1004906, 981760, 962568]"
713,"[26601, 995242, 5569230, 1053690, 1004906]"
714,"[26601, 1044078, 844179, 8090537, 1004906]"
715,"[26601, 1004906, 981760, 909894, 1133018]"
716,"[26601, 878996, 1127831, 857220, 1004906]"
717,"[26601, 5573846, 967227, 829418, 1004906]"
718,"[26601, 1038217, 908531, 981760, 1004906]"
719,"[26601, 1004906, 902238, 933835, 981760]"
720,"[1055044, 879734, 1056212, 1004906, 981760]"
721,"[26601, 962797, 7168286, 1004906, 981760]"
722,"[26601, 961554, 1127831, 8357418, 1004906]"
723,"[26601, 1004906, 827079, 981760, 1048462]"
724,"[26601, 9885566, 870506, 1101104, 1004906]"
725,"[26601, 1004906, 1053690, 981760, 1038217]"
726,"[26601, 878996, 961554, 981760, 1004906]"
727,"[26601, 1103629, 981760, 923746, 1004906]"
728,"[26601, 981760, 1004906, 1048462, 930917]"
729,"[26601, 1903190, 1880240, 1004906, 981760]"
730,"[26601, 954347, 6391063, 985698, 1004906]"
731,"[26601, 981760, 908531, 943513, 1004906]"
732,"[26601, 878996, 961554, 1013641, 1004906]"
733,"[26601, 1034563, 1036939, 5569471, 1004906]"
734,"[26601, 981760, 995242, 878996, 1004906]"
735,"[26601, 896958, 1106523, 1004906, 981760]"
736,"[6396292, 981760, 845208, 1004906, 1048462]"
737,"[26601, 961554, 854852, 962568, 1004906]"
740,"[26601, 1105488, 1127831, 962568, 1004906]"
741,"[26601, 1024306, 962568, 854852, 1004906]"
742,"[26601, 1065593, 1133018, 1044078, 1004906]"
743,"[26601, 1068719, 981760, 923746, 1004906]"
744,"[26601, 916122, 981760, 962568, 1004906]"
745,"[26601, 845078, 961554, 854852, 1004906]"
747,"[26601, 1044078, 908531, 844179, 1004906]"
750,"[26601, 1092026, 1044078, 1133018, 1004906]"
751,"[26601, 1092026, 1044078, 1096036, 1004906]"
752,"[26601, 844179, 1004906, 962568, 981760]"
753,"[26601, 1053690, 981760, 1067667, 1004906]"
754,"[26601, 1004906, 1127831, 1036347, 901062]"
755,"[26601, 9420311, 961554, 1004906, 981760]"
756,"[26601, 908531, 859075, 995242, 1004906]"
757,"[26601, 5569230, 981760, 975118, 1004906]"
758,"[26601, 2661033, 5852644, 2553955, 1004906]"
759,"[26601, 1004906, 9419852, 1043084, 981760]"
761,"[26601, 1068719, 961554, 995242, 1004906]"
762,"[26601, 1004906, 1127831, 1091365, 981760]"
764,"[26601, 995242, 1127831, 981760, 1004906]"
765,"[26601, 981760, 844179, 1004906, 1048462]"
766,"[26601, 962568, 1127831, 903325, 1004906]"
767,"[26601, 878996, 995242, 1004906, 981760]"
768,"[26601, 1004906, 1038217, 995242, 1096036]"
769,"[26601, 1044078, 981760, 1096036, 1004906]"
770,"[26601, 995242, 5569230, 859075, 1004906]"
771,"[26601, 854852, 981760, 844179, 1004906]"
772,"[26601, 1367139, 6536271, 2007188, 1004906]"
773,"[26601, 981760, 995965, 1127831, 1004906]"
774,"[26601, 859075, 1044078, 844179, 1004906]"
776,"[26601, 1004906, 1044078, 5568378, 981760]"
777,"[26601, 12781564, 1072206, 13911257, 1004906]"
779,"[26601, 903325, 981760, 1051434, 1004906]"
780,"[26601, 1044275, 1077409, 5568228, 1004906]"
781,"[26601, 1004906, 986939, 918688, 981760]"
782,"[26601, 5569327, 1044078, 1092026, 1004906]"
784,"[26601, 916122, 854852, 5569230, 1004906]"
785,"[26601, 2655770, 1121624, 1092133, 1004906]"
786,"[26601, 1004906, 933835, 981760, 5569230]"
787,"[26601, 981760, 1004906, 1079528, 5567702]"
788,"[26601, 8090537, 1044078, 1133018, 1004906]"
789,"[26601, 1004906, 1018740, 981760, 1048462]"
790,"[26601, 1004906, 1129610, 981760, 1048462]"
792,"[26601, 844179, 981760, 1004906, 1048462]"
793,"[26601, 844179, 833025, 995242, 1004906]"
794,"[26601, 1042907, 981760, 961554, 1004906]"
795,"[26601, 981760, 1044078, 1068719, 1004906]"
796,"[26601, 878996, 981760, 995242, 1004906]"
797,"[971839, 981760, 1135769, 1004906, 1048462]"
798,"[26601, 9420286, 13115626, 5572828, 1004906]"
799,"[26601, 878996, 981760, 1058997, 1004906]"
800,"[26601, 1029684, 916122, 961554, 1004906]"
801,"[26601, 1004906, 844179, 981760, 995242]"
802,"[26601, 1133018, 981760, 1004906, 1048462]"
803,"[26601, 1004906, 981760, 1068719, 1048462]"
804,"[26601, 1133018, 1044078, 1068719, 1004906]"
805,"[26601, 1053690, 981760, 923746, 1004906]"
806,"[26601, 995242, 839419, 868539, 1004906]"
807,"[26601, 1127831, 995242, 961554, 1004906]"
808,"[26601, 833025, 859075, 879755, 1004906]"
809,"[26601, 986912, 1005186, 862349, 1004906]"
811,"[26601, 847982, 995242, 981760, 1004906]"
812,"[26601, 844165, 879755, 1004906, 981760]"
813,"[26601, 1127831, 981760, 854852, 1004906]"
814,"[26601, 5568378, 916122, 961554, 1004906]"
816,"[26601, 961554, 995242, 1097704, 1004906]"
817,"[26601, 1004906, 1127831, 1070820, 981760]"
818,"[26601, 916122, 981760, 1029743, 1004906]"
820,"[26601, 1029743, 1053690, 981760, 1004906]"
822,"[26601, 1004906, 1068719, 981760, 995242]"
823,"[26601, 1044078, 981760, 899624, 1048462]"
824,"[26601, 1106523, 981760, 1044078, 1004906]"
825,"[26601, 854852, 1127831, 878996, 1004906]"
826,"[26601, 995242, 943833, 12384431, 1004906]"
829,"[26601, 1004906, 1101010, 995242, 1018740]"
831,"[26601, 1004906, 5569230, 951590, 995242]"
832,"[26601, 5569230, 981760, 1029743, 1004906]"
836,"[26601, 851287, 905459, 1004906, 981760]"
838,"[26601, 1096036, 908531, 833025, 1004906]"
839,"[26601, 9655555, 1082595, 13776705, 1004906]"
840,"[26601, 1006184, 995242, 1004906, 981760]"
841,"[1044078, 1106523, 852015, 1004906, 981760]"
842,"[26601, 1004906, 1044078, 833025, 1092026]"
843,"[26601, 1133018, 5568378, 1044078, 1004906]"
844,"[26601, 1023720, 1127831, 916482, 1004906]"
845,"[26601, 6463451, 990656, 8090533, 1004906]"
846,"[26601, 5568378, 981760, 951590, 1004906]"
847,"[26601, 1127831, 878996, 981760, 1004906]"
849,"[26601, 1137688, 854852, 970030, 1004906]"
850,"[26601, 1068719, 981760, 909894, 1004906]"
851,"[26601, 1085604, 868764, 861445, 1004906]"
852,"[26601, 854852, 1127831, 903325, 1004906]"
853,"[26601, 1043787, 970030, 916122, 1004906]"
854,"[26601, 833025, 1044078, 1004906, 981760]"
855,"[26601, 981760, 995242, 5569230, 1004906]"
856,"[26601, 1048462, 1004906, 981760, 1037863]"
857,"[26601, 5569230, 951590, 883932, 1004906]"
858,"[26601, 5569230, 1127831, 981760, 1004906]"
859,"[26601, 1004906, 859075, 981760, 951590]"
860,"[26601, 868764, 1107553, 908531, 1004906]"
861,"[26601, 848071, 1037863, 1026118, 1004906]"
862,"[26601, 1043590, 1044078, 981760, 1004906]"
863,"[26601, 1011169, 981760, 1029743, 1004906]"
864,"[26601, 1044078, 1004906, 844179, 981760]"
865,"[26601, 981760, 1044078, 899624, 1106523]"
866,"[26601, 1004906, 1044078, 1106523, 981760]"
867,"[26601, 1004906, 916122, 6396581, 981760]"
868,"[26601, 1048462, 981760, 8090521, 1004906]"
869,"[26601, 1005316, 981760, 1034420, 1004906]"
871,"[26601, 1004906, 1127831, 961554, 878996]"
873,"[26601, 981760, 909894, 1096036, 1004906]"
875,"[26601, 942817, 961554, 1127831, 1004906]"
876,"[26601, 961554, 12782182, 12352249, 1004906]"
877,"[26601, 12949559, 1127831, 1113667, 1004906]"
878,"[26601, 1004906, 1043590, 981760, 1068719]"
879,"[26601, 981760, 961554, 916122, 1004906]"
880,"[26601, 1127831, 981760, 961554, 1004906]"
881,"[26601, 859075, 995242, 1096036, 1004906]"
882,"[26601, 981760, 859075, 1053690, 1004906]"
883,"[26601, 916122, 878996, 1127831, 1004906]"
884,"[26601, 1110572, 1085604, 1004906, 981760]"
885,"[26601, 1004906, 1044078, 1096036, 925626]"
886,"[863762, 981760, 1004906, 868764, 1078329]"
887,"[26601, 1004906, 981760, 1068719, 1048462]"
888,"[26601, 1004906, 995965, 961554, 916122]"
889,"[26601, 878996, 961554, 827079, 1004906]"
891,"[26601, 1048462, 899624, 981760, 951190]"
893,"[26601, 1075275, 907662, 1004906, 981760]"
894,"[26601, 845208, 854852, 903325, 1004906]"
895,"[26601, 1004906, 5995312, 1008596, 981760]"
896,"[26601, 1127831, 961554, 962568, 1004906]"
897,"[1008803, 1004003, 1070820, 1004906, 981760]"
898,"[26601, 903325, 916122, 1127831, 1004906]"
899,"[1004906, 844179, 874972, 981760, 1048462]"
900,"[26601, 981760, 1005186, 1004906, 986912]"
901,"[26601, 923746, 981760, 1044078, 1004906]"
903,"[26601, 961554, 1127831, 6034857, 1004906]"
904,"[26601, 1044078, 981760, 1106523, 1004906]"
905,"[26601, 916122, 961554, 854852, 1004906]"
906,"[26601, 860703, 1048237, 5587938, 1004906]"
907,"[26601, 923746, 1004906, 981760, 1048462]"
908,"[26601, 916122, 981760, 961554, 1004906]"
909,"[26601, 844179, 1127831, 878996, 1004906]"
910,"[26601, 7409664, 7409670, 13876835, 1004906]"
911,"[26601, 1022254, 1137688, 854852, 1004906]"
913,"[26601, 824758, 995242, 1134810, 1004906]"
914,"[26601, 844179, 981760, 903065, 1004906]"
915,"[26601, 1004906, 923746, 1036753, 853354]"
916,"[26601, 1117556, 847720, 824193, 1004906]"
919,"[26601, 981951, 10457518, 1042185, 1004906]"
920,"[26601, 1133018, 1044078, 908531, 1004906]"
922,"[26601, 827332, 1127831, 1058997, 1004906]"
923,"[26601, 1133018, 981760, 1004906, 1048462]"
924,"[26601, 930917, 951590, 1029743, 1004906]"
925,"[26601, 1004906, 847401, 1089564, 853846]"
926,"[26601, 916993, 1127831, 903325, 1004906]"
927,"[26601, 981760, 878996, 961554, 1004906]"
928,"[26601, 1051489, 1127831, 1004906, 981760]"
929,"[26601, 1044078, 995242, 981760, 1004906]"
931,"[26601, 1004906, 1044078, 951590, 981760]"
932,"[26601, 1044078, 1106523, 1004906, 981760]"
933,"[26601, 844179, 1044078, 1106523, 1004906]"
934,"[26601, 1048462, 1068719, 981760, 961554]"
935,"[26601, 1127831, 981760, 1101010, 1004906]"
936,"[26601, 1004906, 844179, 995242, 908531]"
937,"[26601, 1004906, 972445, 1058997, 961554]"
938,"[26601, 1040183, 951590, 1068451, 1004906]"
939,"[26601, 1096036, 1133018, 1044078, 1004906]"
940,"[26601, 1051715, 7409893, 9526448, 1004906]"
941,"[1098285, 938849, 1052325, 1004906, 981760]"
942,"[26601, 1044078, 833025, 1081177, 1004906]"
943,"[26601, 1038217, 1044078, 5592931, 1004906]"
944,"[26601, 1004906, 981760, 1127831, 1048462]"
945,"[26601, 1004906, 981760, 951590, 930917]"
946,"[26601, 1004906, 1044078, 981760, 1048462]"
947,"[26601, 1134296, 981760, 895930, 1004906]"
949,"[26601, 1004906, 995242, 5568378, 981760]"
951,"[26601, 1029743, 981760, 1004906, 1048462]"
952,"[26601, 5569327, 1053690, 995242, 1004906]"
953,"[26601, 1004906, 995242, 981760, 1048462]"
954,"[26601, 1523514, 6400829, 1716287, 1004906]"
955,"[26601, 1044078, 981760, 5568378, 1004906]"
956,"[1000753, 844179, 981760, 1037863, 1004906]"
957,"[26601, 1068719, 1133018, 943522, 1004906]"
959,"[26601, 878996, 1127831, 1029272, 1004906]"
960,"[6979437, 886395, 901236, 1004906, 981760]"
961,"[26601, 1128443, 1138537, 1078440, 1004906]"
962,"[26601, 961554, 981760, 995242, 1004906]"
964,"[26601, 1092026, 1068719, 1106523, 1004906]"
965,"[26601, 1133018, 1044078, 981760, 1004906]"
966,"[1030995, 981760, 1004906, 922535, 1048462]"
968,"[26601, 1004906, 1096036, 981760, 833025]"
970,"[26601, 995242, 1122568, 1082212, 1004906]"
971,"[26601, 981760, 916122, 995242, 1004906]"
972,"[26601, 9680965, 1851120, 1903190, 1004906]"
973,"[26601, 1004906, 948495, 878996, 1009046]"
974,"[26601, 844179, 1044078, 981760, 1004906]"
975,"[26601, 856215, 868888, 5569471, 1004906]"
976,"[26601, 961554, 933835, 1004906, 1048462]"
977,"[26601, 916122, 995242, 1004906, 981760]"
978,"[26601, 854852, 1127831, 981760, 1004906]"
979,"[26601, 981760, 1127831, 1004906, 995242]"
980,"[26601, 1068719, 981760, 1106523, 1004906]"
981,"[26601, 1002485, 1039423, 995242, 1004906]"
982,"[26601, 1048462, 1044078, 981760, 5569230]"
983,"[26601, 5568378, 995242, 1004906, 981760]"
984,"[26601, 981760, 961554, 1136257, 1004906]"
985,"[26601, 1127831, 981760, 962568, 1004906]"
986,"[26601, 1004906, 5567292, 995242, 981760]"
987,"[26601, 844179, 981760, 833025, 1004906]"
988,"[26601, 1044078, 908531, 1092026, 1004906]"
989,"[26601, 1004906, 981760, 916122, 1048462]"
992,"[827939, 5567319, 1005186, 1004906, 981760]"
993,"[26601, 878996, 1127831, 961554, 1004906]"
994,"[26601, 1004906, 1044078, 1096036, 981760]"
996,"[26601, 1101010, 981760, 1133018, 1004906]"
998,"[26601, 844179, 1044078, 1029743, 1004906]"
999,"[26601, 981760, 1044078, 1029743, 1004906]"
1000,"[26601, 1004906, 995242, 12427353, 981760]"
1001,"[26601, 997987, 1104475, 1004906, 981760]"
1002,"[26601, 981760, 1127831, 1024306, 1004906]"
1004,"[26601, 858450, 859154, 995242, 1004906]"
1005,"[26601, 1004906, 1044078, 847982, 981760]"
1006,"[26601, 962568, 5569230, 1004906, 981760]"
1007,"[26601, 908531, 995242, 1044078, 1004906]"
1008,"[26601, 1053690, 1065593, 1004906, 981760]"
1010,"[26601, 961554, 995242, 1008675, 1004906]"
1011,"[26601, 981760, 916122, 828935, 1004906]"
1014,"[26601, 1127831, 981760, 923746, 1004906]"
1015,"[26601, 878996, 961554, 1024306, 1004906]"
1016,"[26601, 13381540, 964011, 7025250, 1004906]"
1017,"[26601, 1004906, 910032, 995242, 8090537]"
1018,"[26601, 1004906, 1053690, 981760, 1048462]"
1019,"[26601, 1004906, 848071, 1106523, 819840]"
1020,"[26601, 1048462, 981760, 1004906, 962568]"
1021,"[26601, 866211, 981760, 995242, 1004906]"
1023,"[26601, 1127831, 1112238, 9858936, 1004906]"
1024,"[26601, 859075, 981760, 1068719, 1004906]"
1025,"[26601, 1092026, 1044078, 8090521, 1004906]"
1027,"[26601, 854852, 981760, 1127831, 1004906]"
1029,"[26601, 866211, 981760, 1127831, 1004906]"
1030,"[854980, 1119529, 9487769, 923895, 1004906]"
1032,"[244960, 43020, 142450, 1004906, 981760]"
1033,"[26601, 914190, 981760, 999270, 1004906]"
1034,"[26601, 854852, 981760, 1037863, 1004906]"
1036,"[26601, 1004906, 7432861, 936914, 923746]"
1037,"[26601, 1004906, 845370, 933102, 981760]"
1039,"[26601, 1101010, 5569230, 951590, 1004906]"
1040,"[26601, 1004906, 1000707, 1126899, 981760]"
1041,"[26601, 1106523, 1068719, 981760, 1004906]"
1042,"[26601, 859075, 981760, 916122, 1004906]"
1045,"[26601, 961554, 995242, 1004906, 981760]"
1046,"[26601, 1005186, 1127831, 1057102, 1004906]"
1047,"[26601, 899624, 1044078, 844179, 981760]"
1048,"[26601, 1048462, 854852, 981760, 962568]"
1049,"[26601, 1068719, 1005186, 995242, 1004906]"
1050,"[26601, 1068719, 981760, 1044078, 1004906]"
1051,"[26601, 6395533, 696790, 556054, 1004906]"
1053,"[26601, 903800, 854852, 1046262, 1004906]"
1054,"[995242, 947779, 5574979, 1004906, 981760]"
1055,"[26601, 890610, 995242, 1019720, 1004906]"
1056,"[26601, 923746, 951590, 1044078, 1004906]"
1057,"[26601, 981760, 1004906, 1005186, 892531]"
1058,"[26601, 909894, 985893, 1044078, 1004906]"
1060,"[26601, 883932, 951590, 5569230, 1004906]"
1061,"[26601, 1044078, 981760, 923746, 1004906]"
1062,"[26601, 1096036, 981760, 1127624, 1004906]"
1064,"[26601, 981760, 961554, 962568, 1004906]"
1065,"[26601, 5568378, 1044078, 859075, 1004906]"
1066,"[26601, 1004906, 844179, 981760, 995242]"
1067,"[26601, 1048462, 1004906, 981760, 1044078]"
1068,"[26601, 1068719, 1044078, 1043590, 1004906]"
1069,"[26601, 916122, 995242, 844179, 1004906]"
1070,"[26601, 1004906, 1006184, 995242, 961554]"
1071,"[26601, 1005186, 995242, 859075, 1004906]"
1072,"[26601, 908531, 1044078, 844165, 1004906]"
1073,"[26601, 866211, 1127831, 916122, 1004906]"
1074,"[26601, 1004906, 1127831, 981760, 995242]"
1075,"[26601, 1068719, 981760, 909894, 1004906]"
1076,"[26601, 844179, 8090521, 1029743, 1004906]"
1077,"[26601, 1004906, 981760, 951590, 930917]"
1078,"[26601, 1004906, 981760, 961554, 845208]"
1079,"[26601, 1037863, 887393, 6979089, 1004906]"
1080,"[26601, 1000856, 949023, 844179, 1004906]"
1081,"[26601, 1004906, 962568, 981760, 1081177]"
1082,"[26601, 1096036, 1133018, 1038217, 1004906]"
1083,"[908843, 1004906, 981760, 6391501, 1048462]"
1084,"[26601, 886103, 981760, 1112461, 1004906]"
1085,"[26601, 908531, 981760, 995242, 1004906]"
1086,"[26601, 844179, 981760, 1004906, 1048462]"
1088,"[26601, 981760, 1004906, 997011, 1077600]"
1089,"[26601, 1092026, 1044078, 1029743, 1004906]"
1091,"[26601, 5569230, 981760, 883932, 1004906]"
1092,"[26601, 833025, 1044078, 859075, 1004906]"
1093,"[26601, 995242, 981760, 844179, 1004906]"
1094,"[26601, 1068719, 981760, 844179, 1004906]"
1095,"[26601, 1085878, 1127831, 10344886, 1004906]"
1096,"[26601, 1111605, 1035390, 1004906, 981760]"
1097,"[26601, 916122, 981760, 1106523, 1004906]"
1098,"[26601, 9526757, 981760, 961554, 1004906]"
1099,"[26601, 1053690, 8090521, 1004906, 981760]"
1100,"[849202, 1085604, 981760, 1004906, 1048462]"
1101,"[26601, 1044078, 1133018, 1004906, 981760]"
1102,"[26601, 923746, 981760, 1037863, 1004906]"
1103,"[26601, 1012913, 1042345, 1004906, 981760]"
1104,"[26601, 1015731, 7025203, 5571261, 1004906]"
1105,"[970747, 5569230, 1004906, 981760, 1048462]"
1106,"[26601, 9885434, 1078399, 981760, 1004906]"
1107,"[26601, 1004906, 869573, 965766, 981760]"
1109,"[26601, 1004906, 962568, 854852, 981760]"
1110,"[26601, 995242, 960858, 981760, 1004906]"
1111,"[26601, 1026118, 1037863, 845208, 1004906]"
1112,"[26601, 1004906, 1127831, 1010681, 981760]"
1113,"[26601, 916122, 854852, 878996, 1004906]"
1114,"[26601, 1004906, 1044078, 1092026, 981760]"
1116,"[26601, 8090521, 1029743, 5568378, 1004906]"
1117,"[26601, 981760, 1053690, 951590, 1004906]"
1119,"[26601, 1004906, 909894, 995242, 844179]"
1121,"[26601, 961554, 981760, 962568, 1004906]"
1123,"[26601, 1004906, 854852, 981760, 1048462]"
1125,"[26601, 962568, 1127831, 878996, 1004906]"
1126,"[26601, 1063594, 1117697, 1047619, 1004906]"
1127,"[26601, 1127831, 981760, 1004906, 1048462]"
1128,"[26601, 1136257, 981760, 1106523, 1004906]"
1129,"[26601, 829150, 891095, 989307, 1004906]"
1130,"[26601, 1004906, 1068719, 981760, 1133018]"
1131,"[26601, 995242, 844179, 1044078, 1004906]"
1133,"[26601, 995242, 878996, 1127831, 1004906]"
1134,"[26601, 961554, 1127831, 981760, 1004906]"
1135,"[26601, 981760, 995242, 1004906, 1048462]"
1136,"[26601, 1004906, 1044078, 859075, 981760]"
1137,"[909894, 995242, 924667, 1004906, 981760]"
1138,"[26601, 1004906, 1053690, 981760, 1048462]"
1140,"[26601, 859075, 916122, 1004906, 981760]"
1141,"[26601, 908531, 995242, 1096036, 1004906]"
1142,"[26601, 1004906, 916122, 961554, 995242]"
1143,"[26601, 951590, 5569230, 1004906, 981760]"
1145,"[26601, 981760, 1044078, 1068719, 1004906]"
1146,"[26601, 995242, 1048462, 910673, 5568378]"
1147,"[26601, 844179, 870547, 1106523, 1004906]"
1148,"[26601, 923746, 981760, 1106523, 1004906]"
1149,"[26601, 1026118, 1028816, 1083846, 1004906]"
1151,"[26601, 981760, 1106523, 1068719, 1004906]"
1152,"[26601, 981760, 995242, 1004906, 1048462]"
1154,"[26601, 841365, 1004906, 1106523, 1000148]"
1155,"[26601, 1004906, 1044078, 1106523, 981760]"
1156,"[26601, 1077410, 988890, 937486, 1004906]"
1157,"[26601, 916122, 981760, 961554, 1004906]"
1158,"[26601, 1004906, 981760, 1049735, 8357825]"
1159,"[26601, 7443233, 1127831, 1004906, 981760]"
1160,"[26601, 1048462, 923746, 981760, 1068719]"
1163,"[26601, 1004906, 981760, 995242, 1048462]"
1164,"[26601, 1004906, 1126786, 1070820, 893676]"
1165,"[26601, 5568378, 5569230, 1004906, 981760]"
1166,"[26601, 923746, 961554, 1004906, 981760]"
1167,"[26601, 1127831, 981760, 901840, 1004906]"
1168,"[908531, 836262, 926210, 1004906, 981760]"
1169,"[26601, 1043590, 1044078, 981760, 1004906]"
1170,"[26601, 1062128, 1029743, 1004906, 981760]"
1172,"[26601, 893018, 981760, 1068719, 1004906]"
1173,"[26601, 9677369, 981760, 987731, 1004906]"
1174,"[26601, 1004906, 981760, 1068719, 1106523]"
1175,"[26601, 968759, 1127831, 962266, 1004906]"
1177,"[26601, 1023720, 981760, 1024306, 1004906]"
1178,"[26601, 1048462, 981760, 6464165, 992622]"
1179,"[26601, 1004906, 933835, 981760, 908531]"
1180,"[26601, 1043590, 1068719, 981760, 1004906]"
1181,"[26601, 1096036, 995242, 981760, 1004906]"
1182,"[50905, 40885, 259120, 1004906, 981760]"
1185,"[26601, 923746, 981760, 1106523, 1004906]"
1186,"[26601, 7024990, 1127831, 854852, 1004906]"
1187,"[26601, 1004906, 1106523, 910673, 1038462]"
1188,"[26601, 908531, 1044078, 995242, 1004906]"
1189,"[26601, 1037863, 1106523, 845208, 1004906]"
1190,"[26601, 961554, 995242, 833025, 1004906]"
1191,"[26601, 916122, 5569230, 1081177, 1004906]"
1192,"[26601, 10200244, 1489235, 15796964, 1004906]"
1193,"[26601, 913210, 5569230, 1004906, 981760]"
1194,"[26601, 1005186, 981760, 1068719, 1004906]"
1195,"[26601, 1116664, 1053690, 9420334, 1004906]"
1196,"[26601, 1004906, 961554, 919596, 5995803]"
1197,"[26601, 914190, 933835, 951590, 1004906]"
1198,"[26601, 1024306, 878996, 1127831, 1004906]"
1201,"[26601, 8090521, 995242, 1004906, 981760]"
1202,"[26601, 855557, 5567148, 1004906, 981760]"
1203,"[26601, 1004906, 870547, 951590, 1106523]"
1204,"[26601, 1133018, 1044078, 908531, 1004906]"
1205,"[26601, 981760, 1044078, 1029743, 1004906]"
1206,"[26601, 833025, 1004906, 981760, 1048462]"
1207,"[26601, 12524245, 981760, 5569374, 1004906]"
1208,"[26601, 1004906, 981760, 1044078, 1096036]"
1209,"[953837, 934737, 1117758, 891520, 1004906]"
1211,"[26601, 5567486, 981760, 1121720, 1004906]"
1213,"[26601, 1106523, 1135681, 1015907, 1004906]"
1215,"[26601, 1127831, 15630002, 961554, 1004906]"
1216,"[26601, 961554, 981760, 1004906, 1048462]"
1217,"[26601, 981760, 1044078, 1068719, 1004906]"
1218,"[26601, 981760, 961554, 878996, 1004906]"
1219,"[26601, 1068719, 859075, 7440938, 1004906]"
1221,"[26601, 981760, 962568, 1127831, 1004906]"
1222,"[26601, 1004906, 1044078, 981760, 951590]"
1223,"[26601, 1053690, 1106523, 1004906, 981760]"
1224,"[26601, 1044078, 981760, 1004906, 1048462]"
1225,"[26601, 1106523, 1065593, 1004906, 981760]"
1226,"[26601, 878996, 961554, 833025, 1004906]"
1227,"[26601, 2315377, 2215277, 12325404, 1004906]"
1228,"[26601, 1127831, 981760, 961554, 1004906]"
1229,"[26601, 1004906, 854852, 916122, 1127831]"
1231,"[26601, 1088448, 995242, 1004906, 981760]"
1234,"[26601, 1004906, 981760, 844179, 1048462]"
1235,"[26601, 1004906, 972515, 981760, 1048462]"
1236,"[26601, 5568378, 1044078, 981760, 1004906]"
1238,"[26601, 833025, 981760, 961554, 1004906]"
1239,"[26601, 1044078, 5568378, 844179, 1004906]"
1240,"[26601, 903325, 854852, 916122, 1004906]"
1241,"[26601, 1029743, 1053690, 1044078, 1004906]"
1242,"[26601, 1004906, 981760, 1048462, 930917]"
1244,"[26601, 961554, 995242, 844179, 1004906]"
1245,"[26601, 923746, 1037863, 1026118, 1004906]"
1246,"[26601, 1127831, 866211, 916122, 1004906]"
1247,"[26601, 962568, 1127831, 961554, 1004906]"
1248,"[26601, 870547, 1095040, 1106523, 1004906]"
1250,"[26601, 844179, 981760, 961554, 1004906]"
1251,"[833074, 1102674, 901067, 1004906, 981760]"
1252,"[26601, 961554, 981760, 847982, 1004906]"
1254,"[26601, 854852, 1127831, 1024306, 1004906]"
1255,"[26601, 908531, 1133018, 1004906, 981760]"
1256,"[26601, 1058939, 948495, 1137688, 1004906]"
1258,"[26601, 852600, 981760, 13008459, 1004906]"
1259,"[26601, 1004906, 1083493, 985911, 1010655]"
1260,"[26601, 901062, 1023720, 1127831, 1004906]"
1261,"[913490, 1109805, 828339, 1004906, 981760]"
1263,"[26601, 877175, 981760, 1012315, 1004906]"
1264,"[26601, 893018, 981760, 1029743, 1004906]"
1265,"[26601, 1004906, 859075, 995242, 981760]"
1266,"[26601, 923746, 981760, 1106422, 1004906]"
1267,"[26601, 1004906, 1005186, 13842090, 981760]"
1268,"[26601, 981760, 5569230, 995242, 1004906]"
1269,"[26601, 1081177, 844179, 981760, 1004906]"
1270,"[26601, 1004906, 1106523, 1026118, 819840]"
1271,"[26601, 1004906, 962568, 981760, 878996]"
1272,"[26601, 916122, 854852, 979707, 1004906]"
1273,"[841236, 1043830, 981760, 1004906, 1048462]"
1274,"[26601, 1004906, 883932, 951590, 879504]"
1276,"[26601, 878996, 1026118, 1081177, 1004906]"
1277,"[26601, 1004906, 981760, 1106523, 1048462]"
1278,"[26601, 1004906, 981760, 1044078, 1048462]"
1279,"[26601, 1068719, 981760, 1133018, 1004906]"
1280,"[26601, 1511324, 1606107, 1450485, 1004906]"
1281,"[26601, 916122, 981760, 10457146, 1004906]"
1282,"[26601, 1048462, 1044078, 1043590, 930917]"
1284,"[26601, 1133018, 981760, 923746, 1004906]"
1285,"[26601, 981760, 1044078, 1004906, 5569230]"
1287,"[26601, 951590, 981760, 883932, 1004906]"
1288,"[26601, 1044078, 981760, 1096036, 1004906]"
1289,"[26601, 981760, 1004906, 1085604, 1048462]"
1290,"[26601, 1043590, 981760, 923746, 1004906]"
1291,"[26601, 1133018, 981760, 844179, 1004906]"
1292,"[26601, 1115160, 981760, 1004906, 1048462]"
1293,"[26601, 1068719, 981760, 1133018, 1004906]"
1294,"[26601, 854852, 866211, 961554, 1004906]"
1295,"[26601, 859075, 1044078, 995242, 1004906]"
1296,"[26601, 1075263, 981760, 995242, 1004906]"
1297,"[26601, 1004906, 878996, 1026118, 932179]"
1298,"[26601, 899624, 5568378, 1029743, 981760]"
1299,"[26601, 995242, 961554, 981760, 1004906]"
1300,"[26601, 1004906, 1068719, 833025, 1133018]"
1302,"[26601, 859075, 995242, 1127831, 1004906]"
1303,"[26601, 1029743, 844179, 1127831, 1004906]"
1304,"[26601, 845208, 981760, 1106523, 1004906]"
1305,"[26601, 908531, 1053690, 1085604, 1004906]"
1306,"[26601, 1044078, 1068719, 5568378, 1004906]"
1307,"[26601, 1005186, 9802914, 1004906, 981760]"
1312,"[26601, 981760, 916122, 1004906, 1048462]"
1313,"[26601, 995242, 981760, 909894, 1004906]"
1314,"[26601, 961554, 916122, 1029743, 1004906]"
1316,"[26601, 1004906, 844179, 1029743, 965766]"
1317,"[26601, 5569230, 1029743, 5568378, 1004906]"
1318,"[26601, 1046816, 1022254, 854852, 1004906]"
1319,"[26601, 1127831, 995242, 962568, 1004906]"
1320,"[26601, 981760, 1095700, 1096036, 1004906]"
1321,"[26601, 1004906, 1044078, 1106523, 981760]"
1324,"[26601, 1127831, 995242, 981760, 1004906]"
1325,"[26601, 8203720, 951412, 961554, 1004906]"
1326,"[26601, 1004906, 1044078, 833025, 981760]"
1328,"[26601, 1044078, 981760, 923746, 1004906]"
1329,"[26601, 1024306, 981760, 962568, 1004906]"
1330,"[26601, 1048462, 981760, 5569230, 910032]"
1331,"[26601, 981760, 995242, 1004906, 1048462]"
1332,"[26601, 1053403, 951412, 848071, 1004906]"
1333,"[26601, 878996, 1127831, 1115175, 1004906]"
1334,"[26601, 1004906, 1044078, 1085604, 1092026]"
1335,"[26601, 1004906, 6034857, 1010681, 981760]"
1336,"[26601, 1004906, 844179, 981760, 859075]"
1337,"[26601, 995242, 859075, 908531, 1004906]"
1338,"[26601, 1004906, 1044078, 1106523, 1053690]"
1340,"[26601, 1108048, 971646, 990251, 1004906]"
1341,"[26601, 1096036, 995242, 1004906, 981760]"
1342,"[26601, 995242, 871085, 970745, 1004906]"
1345,"[26601, 981760, 995242, 1004906, 1048462]"
1346,"[26601, 1095712, 1127831, 1004906, 981760]"
1347,"[26601, 981760, 1044078, 1029743, 1004906]"
1350,"[26601, 923746, 1044078, 981760, 1004906]"
1351,"[26601, 923746, 1133018, 1044078, 1004906]"
1352,"[26601, 916122, 854852, 951412, 1004906]"
1353,"[26601, 981760, 1044078, 833025, 1068719]"
1354,"[1004906, 866211, 995242, 873085, 981760]"
1356,"[26601, 939527, 961554, 951727, 1004906]"
1357,"[26601, 1070820, 859730, 860975, 1004906]"
1358,"[26601, 844179, 908531, 995242, 1004906]"
1360,"[6034365, 1004906, 933499, 1087411, 981760]"
1361,"[26601, 981760, 1127831, 961554, 1004906]"
1362,"[1004906, 1004297, 7169088, 987263, 981760]"
1364,"[26601, 1137775, 995242, 981760, 1004906]"
1366,"[26601, 1081177, 981760, 1054654, 1004906]"
1367,"[26601, 1004906, 981760, 961554, 1048462]"
1368,"[26601, 844179, 981760, 12301405, 1004906]"
1369,"[26601, 854852, 1127831, 985889, 1004906]"
1370,"[26601, 1044078, 981760, 1004906, 1048462]"
1372,"[26601, 927529, 951590, 981760, 1004906]"
1373,"[7409923, 893721, 1015907, 1004906, 981760]"
1374,"[26601, 845208, 981760, 1133018, 1004906]"
1375,"[26601, 1127831, 903325, 962568, 1004906]"
1376,"[26601, 1048462, 981760, 961554, 1004906]"
1378,"[26601, 6034857, 1127831, 909268, 1004906]"
1379,"[26601, 961554, 962568, 995242, 1004906]"
1382,"[26601, 981760, 844179, 995242, 1004906]"
1383,"[26601, 1135564, 12695508, 9527101, 1004906]"
1384,"[26601, 1004906, 981760, 1133018, 1048462]"
1385,"[26601, 1025611, 1068719, 1044078, 1004906]"
1386,"[26601, 986912, 1005186, 1004906, 981760]"
1387,"[26601, 981760, 1004906, 854133, 878996]"
1388,"[26601, 954177, 981760, 1076875, 1004906]"
1389,"[26601, 1088740, 960976, 1004906, 981760]"
1390,"[26601, 1048462, 1004906, 981760, 844179]"
1391,"[26601, 1127831, 981760, 923746, 1004906]"
1392,"[26601, 981760, 1127831, 1024306, 1004906]"
1393,"[26601, 1023720, 1127831, 866211, 1004906]"
1394,"[26601, 981760, 854852, 961021, 862349]"
1395,"[9677753, 8249513, 9245345, 1004906, 981760]"
1397,"[26601, 1048462, 981760, 1106523, 1004906]"
1398,"[26601, 5569471, 1029743, 1107553, 1004906]"
1399,"[26601, 981760, 1004906, 5995597, 1048462]"
1401,"[26601, 1096036, 981760, 923746, 1004906]"
1402,"[26601, 939636, 981760, 845208, 1004906]"
1403,"[26601, 5569230, 981760, 1075368, 1004906]"
1404,"[26601, 908531, 1029743, 5568378, 1004906]"
1405,"[26601, 941891, 995242, 1004906, 981760]"
1406,"[26601, 5569230, 995242, 1004906, 981760]"
1407,"[26601, 1057734, 1127831, 866211, 1004906]"
1408,"[26601, 995242, 15452705, 10311770, 1004906]"
1409,"[942565, 844179, 981760, 908531, 1125219]"
1410,"[26601, 1044078, 981760, 1004906, 1048462]"
1412,"[26601, 820895, 981760, 1004906, 1048462]"
1413,"[26601, 503495, 564474, 649542, 1004906]"
1414,"[26601, 859010, 1058997, 1110142, 1004906]"
1415,"[26601, 908265, 12355671, 9296581, 1004906]"
1417,"[26601, 981760, 1133018, 923746, 1004906]"
1418,"[6979241, 1129296, 9677802, 1004906, 981760]"
1419,"[26601, 1004906, 1044078, 844179, 981760]"
1420,"[26601, 417578, 1029743, 1004906, 981760]"
1421,"[26601, 1004906, 1044078, 844179, 1053690]"
1423,"[26601, 1004906, 1095906, 927080, 13008334]"
1424,"[26601, 962568, 995242, 1024306, 1004906]"
1425,"[26601, 981760, 1004906, 5569230, 995242]"
1426,"[26601, 916122, 1044078, 844165, 1004906]"
1427,"[26601, 1044078, 981760, 1068719, 1004906]"
1428,"[26601, 1004906, 981760, 844179, 995242]"
1429,"[26601, 981760, 1004906, 1058997, 926909]"
1430,"[26601, 1004906, 1101010, 981760, 819978]"
1431,"[1060292, 849544, 1110572, 1004906, 981760]"
1433,"[26601, 899624, 1081177, 979707, 981760]"
1434,"[26601, 916122, 981760, 1004906, 1048462]"
1437,"[26601, 859075, 995242, 1044078, 1004906]"
1438,"[26601, 848071, 1127831, 1023720, 1004906]"
1439,"[26601, 1068719, 995242, 859075, 1004906]"
1440,"[26601, 981760, 1053690, 1044078, 899624]"
1443,"[1111080, 881391, 965050, 965091, 1004906]"
1445,"[26601, 995242, 916122, 1004906, 981760]"
1446,"[26601, 953106, 981760, 875415, 1004906]"
1447,"[26601, 924305, 844165, 1106523, 1004906]"
1448,"[26601, 910032, 1101010, 1029743, 1004906]"
1450,"[26601, 1004906, 1013770, 981760, 1096036]"
1451,"[26601, 1004906, 1127831, 981760, 1029743]"
1452,"[26601, 923746, 837495, 995242, 1004906]"
1453,"[26601, 854852, 903325, 1004906, 1048462]"
1454,"[26601, 962568, 1127831, 914190, 1004906]"
1457,"[26601, 923746, 1044078, 1043590, 1004906]"
1458,"[26601, 1048462, 878996, 981760, 961554]"
1459,"[874972, 981760, 1081177, 1004906, 1048462]"
1460,"[26601, 961554, 981760, 7409621, 1004906]"
1461,"[26601, 1068719, 981760, 1044078, 1004906]"
1462,"[26601, 1022254, 1127831, 1062002, 1004906]"
1463,"[8090537, 981760, 846474, 1004906, 1048462]"
1465,"[26601, 981760, 961554, 916122, 1004906]"
1466,"[26601, 9369967, 995242, 1004906, 981760]"
1467,"[26601, 981760, 1004906, 1085604, 1005186]"
1470,"[26601, 934211, 981760, 1029743, 1004906]"
1471,"[26601, 10285106, 879755, 913210, 1004906]"
1473,"[26601, 1004906, 961554, 1127831, 903325]"
1474,"[26601, 981760, 1044078, 1004906, 1048462]"
1475,"[26601, 961554, 962568, 916122, 1004906]"
1476,"[26601, 1022254, 949684, 907099, 1004906]"
1477,"[26601, 8090440, 986912, 975794, 1004906]"
1479,"[26601, 981760, 1004906, 5568378, 908531]"
1481,"[26601, 1068719, 981760, 1044078, 1004906]"
1483,"[26601, 844179, 1044078, 833025, 1004906]"
1484,"[26601, 854852, 1127831, 962568, 1004906]"
1485,"[26601, 9189814, 13842214, 6396108, 1004906]"
1486,"[1076842, 844916, 8019216, 1004906, 981760]"
1487,"[26601, 995242, 1004906, 5569230, 981760]"
1488,"[26601, 1053690, 908531, 981760, 1004906]"
1489,"[26601, 5568378, 908531, 1004906, 1048462]"
1490,"[939636, 12262778, 981760, 1004906, 1048462]"
1491,"[26601, 1004906, 962568, 981760, 951590]"
1492,"[26601, 1127831, 981760, 1024306, 1004906]"
1493,"[26601, 981760, 1133018, 1044078, 1004906]"
1494,"[26601, 1048462, 1037863, 981760, 1068719]"
1495,"[26601, 1068719, 981760, 1038745, 1004906]"
1496,"[26601, 965766, 981760, 951590, 1004906]"
1498,"[878996, 6979634, 996115, 1004906, 981760]"
1499,"[26601, 12604895, 981760, 13417139, 1004906]"
1500,"[26601, 951590, 981760, 844179, 1004906]"
1501,"[26601, 854852, 1127831, 1105488, 1004906]"
1502,"[26601, 951179, 1061364, 881332, 1004906]"
1503,"[26601, 824005, 1081177, 1136257, 1004906]"
1505,"[26601, 1048462, 916122, 981760, 1004906]"
1506,"[26601, 844179, 1044078, 1068719, 1004906]"
1507,"[26601, 1127368, 843343, 6446527, 1004906]"
1508,"[26601, 1004906, 962568, 981760, 1058997]"
1509,"[26601, 9677130, 1028422, 846045, 1004906]"
1510,"[26601, 962568, 981760, 1039156, 1004906]"
1511,"[26601, 1004906, 981760, 1133018, 908531]"
1512,"[26601, 828557, 995242, 1437981, 1004906]"
1513,"[26601, 981760, 1030398, 1004906, 1048462]"
1514,"[26601, 972357, 1126899, 1067419, 1004906]"
1515,"[26601, 916122, 981760, 933835, 1004906]"
1517,"[26601, 1127831, 981760, 908531, 1004906]"
1518,"[26601, 844179, 981760, 899624, 1048462]"
1519,"[26601, 961554, 1127831, 6979220, 1004906]"
1520,"[26601, 1127831, 961554, 981760, 1004906]"
1521,"[26601, 916122, 981760, 1044078, 1004906]"
1525,"[26601, 1044078, 995242, 923746, 1004906]"
1526,"[26601, 981760, 1004906, 1133018, 844165]"
1527,"[26601, 1004906, 981760, 1029743, 1048462]"
1528,"[26601, 923746, 981760, 961554, 1004906]"
1529,"[26601, 1106523, 981760, 12810393, 1004906]"
1530,"[26601, 1023720, 1127831, 7024990, 1004906]"
1531,"[26601, 962568, 981760, 916122, 1004906]"
1532,"[26601, 1108776, 5564507, 5569471, 1004906]"
1533,"[26601, 1113381, 1107373, 1094619, 1004906]"
1534,"[26601, 913785, 1127831, 1046500, 1004906]"
1535,"[26601, 1048462, 1044078, 981760, 1106523]"
1536,"[26601, 859075, 981760, 1053690, 1004906]"
1537,"[26601, 5569230, 1106523, 1004906, 981760]"
1539,"[26601, 826190, 1067434, 1037486, 1004906]"
1540,"[26601, 844165, 859075, 9337581, 1004906]"
1541,"[26601, 1004906, 981760, 1029743, 1048462]"
1542,"[26601, 1004906, 868161, 981760, 1048462]"
1543,"[26601, 1004906, 995242, 1053690, 981760]"
1544,"[26601, 909249, 867931, 1004906, 981760]"
1545,"[26601, 981760, 845208, 1106523, 1004906]"
1546,"[26601, 1044078, 981760, 859075, 1004906]"
1547,"[26601, 981760, 1004906, 995242, 893501]"
1548,"[26601, 5569230, 981760, 859075, 1004906]"
1549,"[26601, 1004906, 1106523, 981760, 986912]"
1550,"[26601, 1044078, 981760, 1068719, 1004906]"
1552,"[26601, 981760, 961554, 838712, 1029743]"
1555,"[26601, 1044078, 995242, 856687, 1004906]"
1556,"[26601, 961554, 1127831, 995242, 1004906]"
1557,"[26601, 854852, 878996, 845208, 1004906]"
1558,"[26601, 961554, 1006184, 839438, 1004906]"
1559,"[1108676, 1068888, 915762, 958663, 1004906]"
1560,"[26601, 859075, 995242, 1004906, 981760]"
1563,"[26601, 962568, 854852, 981760, 1004906]"
1564,"[829417, 1059404, 1049084, 1004906, 981760]"
1565,"[26601, 1331582, 1402876, 1004906, 981760]"
1566,"[26601, 981760, 957951, 1081177, 1004906]"
1567,"[26601, 848071, 1028816, 1106523, 1004906]"
1568,"[26601, 1068719, 981760, 923746, 1004906]"
1569,"[26601, 995242, 981760, 1044078, 1004906]"
1570,"[26601, 1127831, 981760, 878996, 1004906]"
1572,"[1033984, 961554, 1004906, 981760, 1048462]"
1574,"[26601, 893018, 1044078, 995242, 1004906]"
1575,"[26601, 961554, 1127831, 878996, 1004906]"
1576,"[26601, 1068719, 909894, 981760, 1004906]"
1577,"[26601, 833025, 1004906, 1029743, 981760]"
1578,"[26601, 1004906, 844179, 916122, 981760]"
1579,"[26601, 1004906, 1044078, 981760, 859075]"
1580,"[26601, 909894, 1065593, 995242, 1004906]"
1581,"[26601, 14050485, 981760, 1066251, 1004906]"
1583,"[7001879, 897669, 9526444, 1004906, 981760]"
1584,"[26601, 844179, 1004906, 965766, 957736]"
1585,"[26601, 1013784, 936396, 1110409, 1004906]"
1586,"[26601, 1106523, 958067, 1004906, 981760]"
1587,"[26601, 995242, 1085604, 1004906, 981760]"
1588,"[26601, 854852, 878996, 866211, 1004906]"
1590,"[26601, 981760, 1004906, 916122, 854852]"
1591,"[26601, 981760, 1127831, 962568, 1004906]"
1592,"[26601, 1004906, 10201384, 10149854, 13213310]"
1593,"[26601, 981760, 995242, 859075, 1004906]"
1594,"[26601, 1048462, 981760, 1106523, 1068719]"
1595,"[874972, 1081177, 995242, 987562, 1004906]"
1596,"[26601, 9575116, 833941, 10355612, 1004906]"
1598,"[26601, 1044078, 1048462, 1004906, 844179]"
1599,"[26601, 1044078, 981760, 1043590, 1004906]"
1602,"[26601, 961554, 1127831, 1023720, 1004906]"
1604,"[26601, 951590, 970691, 832678, 1004906]"
1605,"[26601, 8322785, 3031923, 2783035, 1004906]"
1607,"[26601, 1004906, 1053690, 8090537, 981760]"
1608,"[26601, 961554, 1127831, 981760, 1004906]"
1609,"[26601, 1004906, 878996, 866211, 1029743]"
1611,"[26601, 1044078, 929751, 1004906, 981760]"
1612,"[26601, 916122, 961554, 878996, 1004906]"
1613,"[26601, 965766, 844179, 5568378, 1004906]"
1614,"[26601, 1029704, 995852, 1004906, 981760]"
1615,"[26601, 1068719, 995242, 1096036, 1004906]"
1617,"[26601, 1004906, 1044078, 5568378, 981760]"
1618,"[26601, 854852, 1127831, 878996, 1004906]"
1619,"[26601, 1137688, 854852, 932179, 1004906]"
1620,"[26601, 1096036, 1044078, 1038217, 1004906]"
1621,"[26601, 844179, 1044078, 1106523, 1004906]"
1622,"[26601, 1004906, 878996, 995242, 981760]"
1623,"[26601, 1133018, 981760, 923746, 1004906]"
1624,"[26601, 1028816, 848071, 5569230, 1004906]"
1625,"[26601, 1044078, 1005186, 1004906, 981760]"
1627,"[26601, 1004906, 5580166, 934639, 981760]"
1629,"[5568378, 1131384, 17105736, 1004906, 981760]"
1630,"[26601, 854852, 981760, 865026, 1004906]"
1631,"[26601, 1004906, 5568378, 1044078, 1065593]"
1632,"[26601, 1127831, 961554, 862349, 1004906]"
1633,"[26601, 1048462, 981760, 933835, 854852]"
1634,"[26601, 1038217, 1065593, 1004906, 981760]"
1635,"[26601, 12777316, 1029743, 1127831, 1004906]"
1636,"[26601, 981760, 1004906, 844441, 1048462]"
1637,"[26601, 944670, 1014948, 1004906, 981760]"
1638,"[26601, 962568, 981760, 1058997, 1004906]"
1639,"[26601, 844165, 1044078, 1106523, 1004906]"
1640,"[26601, 1106523, 951590, 1004906, 981760]"
1641,"[26601, 8090521, 854852, 1076875, 1004906]"
1642,"[26601, 854852, 878996, 845208, 1004906]"
1643,"[26601, 1133018, 1044078, 859075, 1004906]"
1644,"[26601, 1124072, 955773, 1004906, 981760]"
1647,"[26601, 923746, 981760, 1044078, 1004906]"
1648,"[26601, 1133018, 1044078, 1004906, 981760]"
1649,"[26601, 1127831, 854852, 1051516, 1004906]"
1650,"[26601, 944137, 962568, 903325, 1004906]"
1651,"[26601, 819594, 1127831, 1023720, 1004906]"
1653,"[26601, 995242, 981760, 908531, 1004906]"
1654,"[838020, 1000532, 926391, 1004906, 981760]"
1656,"[1103513, 994340, 822685, 13382172, 1004906]"
1657,"[26601, 1004906, 1106523, 1053690, 981760]"
1658,"[26601, 1004906, 9420358, 981760, 885290]"
1659,"[26601, 1127831, 854852, 962568, 1004906]"
1660,"[26601, 1068719, 981760, 1106523, 1004906]"
1661,"[824977, 854852, 2485264, 1004906, 981760]"
1662,"[26601, 854852, 1137688, 6034857, 1004906]"
1663,"[26601, 15716084, 13189983, 13775931, 1004906]"
1664,"[26601, 1004906, 1044078, 981760, 867309]"
1665,"[923746, 995242, 948684, 1004906, 981760]"
1666,"[26601, 995242, 8090537, 1004906, 981760]"
1667,"[26601, 1044078, 844165, 1004906, 981760]"
1668,"[26601, 1126799, 1062854, 8090520, 1004906]"
1671,"[26601, 981760, 1127831, 1004906, 1048462]"
1672,"[26601, 1096036, 1133018, 1004906, 981760]"
1673,"[26601, 923746, 844179, 981760, 1004906]"
1676,"[26601, 1137688, 1127831, 1119051, 1004906]"
1677,"[26601, 1048462, 844179, 981760, 5568378]"
1678,"[26601, 981760, 1044078, 1106523, 1004906]"
1679,"[26601, 1133448, 986912, 13775320, 1004906]"
1680,"[26601, 847982, 867062, 981760, 1004906]"
1681,"[26601, 961554, 907128, 1075313, 1004906]"
1683,"[26601, 914190, 981760, 1082159, 1004906]"
1684,"[26601, 8090521, 1106523, 1044078, 1004906]"
1685,"[1035497, 995242, 1004906, 981760, 1048462]"
1686,"[891901, 953539, 1059702, 1004906, 981760]"
1687,"[26601, 878996, 1127831, 962568, 1004906]"
1688,"[26601, 1044078, 5569230, 1004906, 981760]"
1689,"[26601, 995242, 981760, 923746, 1004906]"
1690,"[26601, 1068719, 981760, 923746, 1004906]"
1691,"[26601, 962568, 981760, 845208, 1004906]"
1692,"[26601, 981760, 1044078, 859075, 1004906]"
1693,"[26601, 961554, 854852, 1081177, 1004906]"
1694,"[26601, 859075, 981760, 844179, 1004906]"
1695,"[26601, 1004906, 856788, 981760, 1048462]"
1697,"[26601, 981760, 5568378, 1044078, 1004906]"
1698,"[26601, 1004906, 981760, 1044078, 1106523]"
1699,"[26601, 995242, 981760, 5569845, 1004906]"
1700,"[26601, 1043590, 1044078, 844179, 1004906]"
1701,"[26601, 981760, 1131169, 916122, 1004906]"
1702,"[26601, 981760, 844179, 1044078, 1106523]"
1703,"[26601, 1068719, 981760, 923746, 1004906]"
1704,"[26601, 13213410, 1378474, 981760, 1004906]"
1705,"[26601, 1004906, 981760, 1068719, 1048462]"
1706,"[26601, 961554, 995242, 962568, 1004906]"
1707,"[26601, 981760, 908531, 1085604, 831063]"
1708,"[26601, 995242, 981760, 899624, 1048462]"
1710,"[26601, 970030, 1127831, 878996, 1004906]"
1711,"[26601, 970924, 5579075, 995242, 1004906]"
1712,"[26601, 854852, 961554, 844179, 1004906]"
1713,"[26601, 1092236, 1060312, 887534, 1004906]"
1714,"[26601, 844179, 981760, 1106523, 1004906]"
1715,"[26601, 854852, 961554, 1137688, 1004906]"
1716,"[26601, 981760, 1004906, 995242, 1068719]"
1717,"[26601, 961554, 981760, 995242, 1004906]"
1718,"[26601, 962568, 981760, 995242, 1004906]"
1719,"[26601, 981760, 961554, 1029743, 1004906]"
1720,"[26601, 859075, 981760, 995242, 1004906]"
1721,"[26601, 1133018, 981760, 1004906, 1048462]"
1722,"[26601, 962568, 981760, 1053690, 1004906]"
1723,"[870559, 5580166, 928269, 13776765, 1004906]"
1724,"[26601, 1136257, 1127831, 961554, 1004906]"
1726,"[26601, 7024990, 1127831, 1057102, 1004906]"
1728,"[26601, 1032268, 995242, 1068719, 1004906]"
1729,"[26601, 1029743, 981760, 908531, 1004906]"
1730,"[1000334, 5569230, 6533765, 1004906, 981760]"
1731,"[26601, 981760, 1004906, 1106523, 1048462]"
1732,"[26601, 961554, 995242, 981760, 1004906]"
1733,"[26601, 1465296, 6904467, 1480232, 1004906]"
1735,"[26601, 951590, 981760, 1044078, 1004906]"
1737,"[26601, 1859561, 1073825, 961554, 1004906]"
1738,"[26601, 1004906, 1133018, 981760, 923746]"
1739,"[26601, 1106523, 1044078, 1053690, 1004906]"
1740,"[26601, 1004906, 1127831, 863449, 1029112]"
1742,"[26601, 1004906, 844179, 864335, 7443013]"
1743,"[26601, 981760, 1004906, 1068719, 1048462]"
1744,"[26601, 981760, 1004906, 1106523, 939681]"
1745,"[26601, 981760, 923746, 988697, 1004906]"
1746,"[26601, 1106523, 1044078, 844179, 1004906]"
1747,"[26601, 923746, 981760, 1044078, 1004906]"
1748,"[26601, 891505, 1044078, 1106523, 1004906]"
1749,"[26601, 961554, 1048462, 1042571, 849066]"
1750,"[26601, 981760, 916122, 1029743, 1004906]"
1751,"[26601, 1004906, 916122, 5569230, 1053690]"
1752,"[26601, 981760, 1068719, 5568378, 1004906]"
1753,"[26601, 1110572, 1085604, 1065593, 1004906]"
1754,"[26601, 859075, 981760, 1053690, 1004906]"
1755,"[26601, 1044078, 981760, 859075, 1004906]"
1758,"[26601, 1127831, 981760, 878996, 1004906]"
1759,"[26601, 1068719, 859075, 1044078, 1004906]"
1760,"[26601, 944216, 5568339, 1029743, 1004906]"
1761,"[26601, 923746, 981760, 845208, 1004906]"
1762,"[26601, 961554, 866211, 1029743, 1004906]"
1763,"[1118623, 1004906, 981760, 857902, 1048462]"
1764,"[26601, 880150, 961554, 981760, 1004906]"
1765,"[26601, 1004906, 1015597, 981760, 1048462]"
1766,"[26601, 1005186, 981760, 1133018, 1004906]"
1767,"[26601, 1048462, 981760, 1044078, 1133018]"
1768,"[26601, 1004906, 7410288, 981760, 1048462]"
1769,"[26601, 1048462, 979707, 981760, 1004906]"
1770,"[26601, 1127831, 878996, 995242, 1004906]"
1771,"[26601, 5569754, 8090969, 1102955, 1004906]"
1773,"[26601, 1000237, 995965, 6034857, 1004906]"
1774,"[26601, 981760, 5568378, 1004906, 1101173]"
1775,"[26601, 1058997, 1127831, 1088414, 1004906]"
1776,"[26601, 1024306, 961554, 878996, 1004906]"
1777,"[26601, 981760, 989249, 1051527, 1004906]"
1778,"[26601, 995242, 1004906, 12810393, 981760]"
1779,"[26601, 1024306, 981760, 878996, 1004906]"
1781,"[26601, 854852, 1127831, 1026118, 1004906]"
1782,"[26601, 909915, 951590, 6034923, 1004906]"
1783,"[26601, 1058997, 1127831, 916122, 1004906]"
1784,"[26601, 917406, 1127831, 981760, 1004906]"
1785,"[26601, 1004906, 878996, 961554, 962568]"
1786,"[26601, 1075445, 9219965, 837448, 1004906]"
1788,"[26601, 1127831, 854852, 903325, 1004906]"
1789,"[26601, 706699, 955716, 887782, 1004906]"
1790,"[26601, 1043569, 8293898, 951590, 1004906]"
1791,"[26601, 961554, 981760, 854607, 1004906]"
1792,"[26601, 1004906, 880888, 5569230, 981760]"
1793,"[26601, 1133018, 981760, 1068719, 1004906]"
1794,"[26601, 1044078, 995242, 1004906, 981760]"
1795,"[26601, 1004906, 908531, 1135460, 981760]"
1796,"[26601, 951590, 5568378, 965766, 1004906]"
1797,"[26601, 1004906, 1127831, 854852, 962568]"
1799,"[26601, 1054957, 1089069, 1028816, 1004906]"
1800,"[26601, 962568, 981760, 903325, 1004906]"
1801,"[26601, 15926344, 1128163, 5996469, 1004906]"
1802,"[26601, 1004906, 5568191, 1101653, 9707010]"
1803,"[26601, 1004906, 1044078, 5569230, 981760]"
1804,"[26601, 1127831, 981760, 961554, 1004906]"
1805,"[1062547, 1075368, 1032063, 1004906, 981760]"
1806,"[26601, 859075, 981760, 1096036, 1004906]"
1807,"[26601, 1127831, 981760, 1081177, 1004906]"
1808,"[26601, 1004906, 1005186, 1053690, 863802]"
1809,"[26601, 9297059, 962568, 961554, 1004906]"
1810,"[1004906, 1108094, 981760, 1048462, 930917]"
1811,"[26601, 1068719, 1044078, 1106523, 1004906]"
1812,"[26601, 1075282, 981760, 15927670, 1004906]"
1814,"[26601, 284611, 244960, 46427, 1004906]"
1815,"[26601, 859075, 962568, 961554, 1004906]"
1816,"[26601, 908531, 995242, 961554, 1004906]"
1817,"[26601, 1004906, 864617, 981760, 1048462]"
1818,"[981760, 1133018, 1134736, 1004906, 1048462]"
1819,"[26601, 995965, 981760, 859075, 1004906]"
1820,"[26601, 962568, 1127831, 981760, 1004906]"
1821,"[26601, 981760, 844179, 1106523, 1004906]"
1823,"[26601, 1004906, 981760, 961554, 1048462]"
1824,"[26601, 854852, 981760, 5569471, 1004906]"
1826,"[26601, 1044078, 908531, 995242, 1004906]"
1827,"[26601, 1053690, 1044078, 5568378, 1004906]"
1829,"[26601, 854852, 1127831, 878996, 1004906]"
1831,"[26601, 961554, 1127831, 6034857, 1004906]"
1832,"[26601, 1004906, 981760, 8293703, 825445]"
1833,"[26601, 1048462, 1004906, 981760, 1133018]"
1834,"[26601, 859075, 981760, 995242, 1004906]"
1835,"[26601, 854852, 1127831, 961554, 1004906]"
1837,"[26601, 1004906, 5569230, 830973, 981760]"
1839,"[26601, 9297156, 9553048, 1070727, 1004906]"
1841,"[26601, 1135822, 981760, 925350, 1004906]"
1842,"[26601, 906017, 981760, 5569230, 1004906]"
1843,"[1004348, 7433753, 870165, 951590, 1004906]"
1845,"[26601, 844179, 866211, 1127831, 1004906]"
1846,"[26601, 962568, 5569471, 981760, 1004906]"
1847,"[26601, 961554, 981760, 862349, 1004906]"
1848,"[26601, 981760, 894439, 1005186, 1135834]"
1849,"[26601, 1004906, 1109090, 995242, 981760]"
1850,"[26601, 1004906, 981760, 1127831, 878996]"
1851,"[26601, 1127831, 981760, 995242, 1004906]"
1852,"[26601, 1068719, 981760, 1004906, 1048462]"
1854,"[26601, 878996, 854852, 1127831, 1004906]"
1856,"[26601, 995242, 981760, 961554, 1004906]"
1857,"[26601, 1044078, 995242, 1004906, 981760]"
1858,"[26601, 854852, 961554, 1127831, 1004906]"
1859,"[26601, 1057631, 926067, 1004906, 981760]"
1861,"[26601, 844179, 981760, 1029743, 1004906]"
1862,"[26601, 854852, 5569230, 1004906, 981760]"
1864,"[26601, 1127831, 854852, 878996, 1004906]"
1865,"[26601, 979707, 854852, 901062, 1004906]"
1866,"[26601, 854852, 928092, 1004906, 981760]"
1867,"[26601, 988654, 916122, 5569230, 1004906]"
1868,"[26601, 1133018, 8090537, 844165, 1004906]"
1869,"[26601, 961554, 878996, 981760, 1004906]"
1870,"[26601, 1127831, 961554, 862349, 1004906]"
1871,"[26601, 1026118, 854852, 922444, 1004906]"
1872,"[26601, 961554, 12384779, 833077, 1004906]"
1873,"[26601, 1092026, 981760, 1106523, 1004906]"
1874,"[26601, 1034982, 981760, 917033, 1004906]"
1875,"[26601, 981760, 13002975, 858563, 1004906]"
1877,"[26601, 1044078, 844179, 10122018, 1004906]"
1879,"[26601, 1048462, 1004906, 981760, 933835]"
1880,"[26601, 981760, 1133018, 1004906, 1048462]"
1881,"[26601, 1089393, 961554, 852360, 1004906]"
1883,"[26601, 981760, 1044078, 859075, 1004906]"
1884,"[26601, 15830361, 857735, 1004906, 981760]"
1885,"[26601, 1058997, 912177, 893501, 1004906]"
1886,"[26601, 1053690, 1106523, 1004906, 981760]"
1887,"[845208, 943275, 1127831, 1004906, 981760]"
1889,"[26601, 1101956, 895702, 995242, 1004906]"
1890,"[26601, 878996, 1127831, 903325, 1004906]"
1891,"[26601, 13911119, 962797, 827079, 1004906]"
1892,"[26601, 1044078, 981760, 859075, 1004906]"
1893,"[16056277, 1058997, 12604336, 1004906, 981760]"
1894,"[26601, 869054, 981760, 844179, 1004906]"
1895,"[26601, 899624, 1044078, 981760, 1048462]"
1896,"[26601, 1127831, 981760, 995242, 1004906]"
1899,"[26601, 910032, 981760, 1101173, 1004906]"
1900,"[26601, 1127831, 981760, 933835, 1004906]"
1901,"[26601, 1048462, 981760, 1044078, 1004906]"
1902,"[26601, 1133018, 981760, 908531, 1004906]"
1904,"[26601, 1081177, 995242, 1004906, 981760]"
1905,"[26601, 878996, 854852, 1018050, 1004906]"
1906,"[26601, 1004906, 845208, 981760, 962568]"
1907,"[26601, 1081177, 854852, 1004906, 981760]"
1909,"[26601, 5568378, 1044078, 5569230, 1004906]"
1911,"[26601, 1044078, 981760, 995242, 1004906]"
1912,"[26601, 1044078, 844179, 860651, 1004906]"
1914,"[26601, 981760, 1004906, 9802981, 892573]"
1916,"[26601, 1103629, 1004906, 981760, 1048462]"
1917,"[26601, 1088191, 981760, 1106523, 1004906]"
1918,"[26601, 961554, 981760, 916122, 1004906]"
1919,"[26601, 1044078, 981760, 844179, 1004906]"
1920,"[26601, 878996, 951412, 1127831, 1004906]"
1921,"[26601, 962568, 981760, 844179, 1004906]"
1922,"[26601, 981760, 826272, 1004906, 1048462]"
1923,"[26601, 901062, 1127831, 916122, 1004906]"
1924,"[26601, 1004906, 1044078, 908531, 981760]"
1925,"[26601, 1106523, 981760, 878996, 1004906]"
1926,"[26601, 981760, 6396572, 1004906, 1048462]"
1927,"[26601, 1044078, 1068719, 1043590, 1004906]"
1928,"[26601, 981760, 1004906, 908531, 843744]"
1929,"[26601, 1068719, 844179, 981760, 1004906]"
1930,"[26601, 1044078, 981760, 935460, 1004906]"
1931,"[26601, 844179, 981760, 1004906, 1048462]"
1932,"[26601, 5569230, 981760, 827271, 1004906]"
1933,"[26601, 1106523, 981760, 1044078, 1004906]"
1935,"[26601, 1015386, 974548, 1007269, 1004906]"
1936,"[26601, 861445, 1085604, 995242, 1004906]"
1937,"[26601, 1127831, 1023720, 1081177, 1004906]"
1938,"[26601, 1117814, 8293439, 976114, 1004906]"
1939,"[26601, 1004906, 995242, 833025, 981760]"
1940,"[26601, 926065, 854852, 878996, 1004906]"
1941,"[26601, 1043590, 1044078, 1133018, 1004906]"
1942,"[1021324, 7443441, 1110572, 5569230, 1004906]"
1943,"[26601, 1106523, 1044078, 8090521, 1004906]"
1944,"[26601, 843756, 1127831, 878996, 1004906]"
1945,"[26601, 1057453, 1029743, 1064086, 1004906]"
1946,"[1004906, 1022881, 981760, 13417853, 1048462]"
1947,"[26601, 1004906, 933835, 845307, 1040807]"
1948,"[26601, 854852, 962568, 15511396, 1004906]"
1949,"[26601, 1068719, 981760, 1044078, 1004906]"
1950,"[26601, 995242, 981760, 1053690, 1004906]"
1951,"[1127831, 961554, 5568411, 1004906, 981760]"
1952,"[26601, 981760, 1029743, 899624, 1048462]"
1953,"[26601, 903325, 916122, 824005, 1004906]"
1954,"[26601, 926065, 1084036, 845208, 1004906]"
1955,"[26601, 981760, 1004906, 1029743, 1048462]"
1956,"[26601, 951590, 933835, 9676852, 1004906]"
1957,"[13115590, 1004906, 995242, 9245108, 821200]"
1958,"[26601, 961554, 981760, 1127831, 1004906]"
1959,"[26601, 1077555, 995242, 5569471, 1004906]"
1960,"[26601, 1044078, 981760, 961554, 1004906]"
1961,"[26601, 925626, 1044078, 1096036, 1004906]"
1962,"[26601, 1022254, 962568, 981760, 1004906]"
1963,"[26601, 1004906, 961554, 859075, 981760]"
1964,"[26601, 995242, 981760, 961554, 1004906]"
1965,"[26601, 846561, 1071812, 908531, 1004906]"
1966,"[26601, 854852, 961554, 1022254, 1004906]"
1967,"[26601, 1004906, 1096036, 961554, 995242]"
1968,"[26601, 902856, 9707137, 1004906, 981760]"
1969,"[26601, 1096036, 995242, 1004906, 981760]"
1970,"[26601, 1068719, 1044078, 1062966, 1004906]"
1971,"[26601, 1127831, 981760, 961554, 1004906]"
1972,"[26601, 909894, 981760, 1133018, 1004906]"
1975,"[26601, 1004906, 991874, 961554, 995242]"
1976,"[26601, 981760, 1053690, 1065593, 1004906]"
1977,"[26601, 842634, 1034383, 870310, 1004906]"
1979,"[26601, 1004906, 1053690, 1133018, 5569230]"
1980,"[26601, 981760, 1004906, 859075, 1048462]"
1981,"[26601, 923746, 981760, 1037863, 1004906]"
1982,"[26601, 1004906, 949991, 961554, 1071759]"
1983,"[26601, 981760, 5569230, 995242, 1004906]"
1984,"[26601, 867188, 995242, 908531, 1004906]"
1985,"[26601, 981760, 866211, 910032, 961554]"
1986,"[26601, 981760, 995242, 1068719, 1004906]"
1987,"[26601, 1323619, 1313189, 1204210, 1004906]"
1988,"[26601, 1004906, 949023, 1106523, 5565392]"
1989,"[26601, 981760, 1005186, 898847, 1004906]"
1990,"[26601, 854852, 961554, 878996, 1004906]"
1993,"[26601, 1044078, 1068719, 1004906, 981760]"
1994,"[26601, 1044078, 981760, 844179, 1004906]"
1995,"[26601, 916122, 1046262, 995965, 1004906]"
1996,"[26601, 867469, 981760, 1126899, 1004906]"
1997,"[26601, 1127831, 1004906, 991575, 903325]"
1998,"[26601, 1004906, 1044078, 1053690, 981760]"
1999,"[26601, 1004906, 1127831, 995242, 1068719]"
2000,"[26601, 8090521, 1044078, 995242, 1004906]"
2001,"[26601, 1127831, 935249, 981760, 1004906]"
2002,"[26601, 1044078, 1004906, 1106523, 981760]"
2003,"[26601, 5568729, 1127831, 1058997, 1004906]"
2004,"[26601, 1004906, 5569230, 981760, 883932]"
2005,"[26601, 1133018, 981760, 923746, 1004906]"
2006,"[26601, 923746, 981760, 5569471, 1004906]"
2007,"[26601, 1004906, 844179, 981760, 913785]"
2008,"[26601, 5569230, 995242, 1053690, 1004906]"
2010,"[26601, 1068719, 1044078, 981760, 1004906]"
2011,"[26601, 914476, 1007136, 893501, 1004906]"
2012,"[26601, 1004906, 1044078, 1106523, 981760]"
2014,"[26601, 1106523, 981760, 1004906, 1048462]"
2015,"[26601, 1004906, 844179, 981760, 865528]"
2016,"[26601, 923746, 1068719, 1133018, 1004906]"
2017,"[26601, 1127831, 961554, 916122, 1004906]"
2018,"[26601, 1048462, 981760, 1106523, 1015375]"
2019,"[26601, 1048462, 1053690, 1044078, 1004906]"
2020,"[26601, 878996, 981760, 1037863, 1004906]"
2021,"[26601, 844179, 1044078, 981760, 1004906]"
2022,"[26601, 1127831, 962568, 878996, 1004906]"
2023,"[918982, 1004906, 6442617, 5569374, 7443278]"
2024,"[5586225, 9934800, 1004906, 981760, 1048462]"
2025,"[26601, 1118891, 1029743, 13115968, 1004906]"
2026,"[26601, 899624, 981760, 844179, 1048462]"
2027,"[26601, 1044078, 981760, 923746, 1004906]"
2028,"[26601, 1004906, 1029743, 5568378, 1045220]"
2029,"[26601, 916122, 981760, 1004906, 1048462]"
2030,"[26601, 995242, 961554, 962568, 1004906]"
2031,"[26601, 1068719, 981760, 923746, 1004906]"
2032,"[1127831, 9296877, 878996, 1004906, 981760]"
2033,"[26601, 1000170, 981760, 895981, 1004906]"
2034,"[26601, 1004906, 1127831, 1058997, 878996]"
2035,"[26601, 1044078, 981760, 1133018, 1004906]"
2036,"[26601, 6034857, 961554, 1127831, 1004906]"
2037,"[26601, 1029743, 981760, 859075, 1004906]"
2038,"[26601, 981760, 859075, 995242, 1004906]"
2039,"[26601, 1133018, 908531, 1092026, 1004906]"
2040,"[26601, 983659, 1106523, 1004906, 981760]"
2041,"[1111937, 874972, 1004906, 981760, 1048462]"
2042,"[26601, 866211, 1127831, 920456, 1004906]"
2043,"[26601, 1096036, 1044078, 847982, 1004906]"
2044,"[26601, 8122541, 1005186, 848684, 1004906]"
2047,"[26601, 1048462, 981760, 1004906, 6979221]"
2048,"[6391137, 981760, 1106523, 1000856, 1004906]"
2049,"[26601, 1004906, 981760, 961554, 1048462]"
2050,"[26601, 995242, 981760, 923746, 1004906]"
2053,"[26601, 1004906, 8090537, 981760, 1048462]"
2055,"[26601, 1060279, 971836, 1004906, 981760]"
2056,"[26601, 1048462, 1004906, 1106523, 981760]"
2057,"[26601, 908531, 961554, 995242, 1004906]"
2058,"[26601, 1004906, 1119405, 979707, 903325]"
2059,"[26601, 923746, 981760, 1096036, 1004906]"
2060,"[26601, 1005186, 986912, 1029743, 1004906]"
2061,"[26601, 962568, 1127831, 916122, 1004906]"
2062,"[26601, 1044078, 981760, 923746, 1004906]"
2063,"[26601, 1024306, 981760, 961554, 1004906]"
2064,"[26601, 962568, 854852, 940510, 1004906]"
2065,"[26601, 1101173, 1044078, 844179, 1004906]"
2068,"[26601, 878996, 961554, 981760, 1004906]"
2069,"[26601, 1044078, 981760, 1068719, 1004906]"
2070,"[26601, 859075, 981760, 1044078, 1004906]"
2071,"[26601, 1133018, 981760, 923746, 1004906]"
2074,"[26601, 1133018, 981760, 1004906, 1048462]"
2075,"[26601, 1092026, 1004906, 1044078, 981760]"
2076,"[26601, 1026118, 1127831, 854852, 1004906]"
2077,"[26601, 981760, 1137688, 903325, 1054889]"
2078,"[924770, 1004906, 910817, 1106523, 981760]"
2079,"[26601, 1072523, 1037863, 1106523, 1004906]"
2080,"[26601, 844179, 1044078, 1068719, 1004906]"
2082,"[26601, 1127831, 981760, 961554, 1004906]"
2083,"[26601, 854852, 844179, 981760, 1004906]"
2084,"[26601, 1004906, 981760, 961554, 1024306]"
2085,"[26601, 844179, 1004906, 981760, 1048462]"
2086,"[26601, 1048462, 981760, 1018243, 1107553]"
2087,"[26601, 1127831, 961554, 981760, 1004906]"
2088,"[26601, 5569230, 1004906, 1044078, 981760]"
2089,"[26601, 991444, 865156, 1126899, 1004906]"
2090,"[26601, 909894, 995242, 1096036, 1004906]"
2093,"[26601, 1044078, 8090521, 1004906, 981760]"
2094,"[26601, 1048462, 899624, 981760, 962568]"
2095,"[26601, 1044078, 981760, 1133018, 1004906]"
2097,"[26601, 893501, 981760, 5569230, 1004906]"
2099,"[26601, 1053690, 995242, 1004906, 981760]"
2100,"[26601, 1004906, 981760, 1048462, 930917]"
2101,"[26601, 1101010, 995242, 1004906, 981760]"
2102,"[26601, 1004906, 996009, 5569230, 854852]"
2107,"[26601, 961554, 916122, 981760, 1004906]"
2108,"[26601, 5569230, 1044078, 981760, 1004906]"
2109,"[26601, 1044078, 1022105, 981760, 1004906]"
2110,"[26601, 1004906, 961554, 878996, 866211]"
2111,"[26601, 1004906, 1109374, 981760, 1048462]"
2112,"[26601, 854852, 981760, 1127831, 1004906]"
2113,"[26601, 1004906, 1053690, 859075, 981760]"
2114,"[26601, 1004906, 878996, 1005186, 981760]"
2115,"[26601, 1127831, 981760, 962568, 1004906]"
2116,"[26601, 854852, 1127831, 903325, 1004906]"
2117,"[26601, 1004906, 923746, 1133018, 981760]"
2119,"[26601, 908531, 995242, 833025, 1004906]"
2120,"[26601, 12325405, 706699, 486782, 1004906]"
2121,"[26601, 981760, 854852, 962568, 1004906]"
2122,"[26601, 859075, 914190, 1133018, 1004906]"
2123,"[26601, 981760, 1004906, 995242, 920978]"
2124,"[26601, 1136257, 878996, 961554, 1004906]"
2125,"[26601, 961554, 995242, 878996, 1004906]"
2126,"[26601, 962568, 1137688, 930603, 1004906]"
2127,"[26601, 8205218, 1049178, 1004906, 981760]"
2129,"[26601, 1004906, 844179, 859075, 1029743]"
2130,"[26601, 962568, 981760, 923746, 1004906]"
2131,"[26601, 845208, 995242, 981760, 1004906]"
2132,"[26601, 995242, 1127831, 1024306, 1004906]"
2133,"[26601, 933835, 1137775, 962568, 1004906]"
2134,"[26601, 899624, 981760, 962568, 1048462]"
2136,"[26601, 970030, 1127831, 878996, 1004906]"
2137,"[26601, 5592931, 981760, 1004906, 1048462]"
2138,"[26601, 859075, 995242, 1004906, 981760]"
2139,"[26601, 981760, 995242, 989409, 1004906]"
2140,"[26601, 962568, 878996, 1024306, 1004906]"
2141,"[26601, 5569327, 1029743, 983753, 1004906]"
2142,"[26601, 5569230, 5568378, 1134522, 1004906]"
2144,"[26601, 173274, 269894, 1004906, 981760]"
2145,"[13876877, 997821, 961554, 1004906, 981760]"
2146,"[26601, 1053690, 995242, 13671905, 1004906]"
2147,"[26601, 981760, 854852, 961554, 962568]"
2148,"[26601, 1048462, 1004906, 981760, 1133018]"
2149,"[26601, 941854, 1133018, 1058185, 1004906]"
2153,"[26601, 995242, 1044078, 981760, 1004906]"
2154,"[26601, 1048462, 878996, 981760, 1133018]"
2156,"[26601, 859075, 886481, 995242, 1004906]"
2158,"[26601, 1127831, 961554, 878996, 1004906]"
2159,"[26601, 895166, 981760, 1106523, 1004906]"
2160,"[874972, 15682961, 953539, 961554, 1004906]"
2161,"[26601, 981760, 1004906, 951176, 5569319]"
2162,"[26601, 1048462, 1004906, 995242, 6395907]"
2165,"[26601, 1044078, 981760, 844179, 1004906]"
2168,"[26601, 1048462, 1004906, 981760, 844179]"
2170,"[26601, 1004906, 1053690, 8090521, 1044078]"
2171,"[26601, 1004906, 1127831, 983078, 1106073]"
2172,"[1101744, 962568, 961554, 970030, 1004906]"
2173,"[26601, 902362, 950615, 5566066, 1004906]"
2174,"[26601, 12599698, 8089343, 1125974, 1004906]"
2175,"[1019820, 1094606, 1031117, 1004906, 981760]"
2179,"[5567584, 1004906, 981760, 9368294, 1048462]"
2181,"[5569230, 962568, 1034868, 1004906, 981760]"
2182,"[26601, 57390, 34873, 326597, 1004906]"
2183,"[26601, 878996, 995242, 981760, 1004906]"
2184,"[26601, 1081177, 981760, 1004906, 1048462]"
2185,"[26601, 1004906, 866211, 961554, 820923]"
2186,"[26601, 981760, 951590, 899624, 930917]"
2187,"[26601, 1004906, 981760, 844179, 1048462]"
2188,"[26601, 1004906, 981760, 1133018, 933835]"
2189,"[1004906, 827939, 913210, 981760, 1048462]"
2190,"[26601, 923746, 995242, 1096036, 1004906]"
2192,"[26601, 923751, 1028816, 1083846, 1004906]"
2193,"[26601, 903325, 1127831, 981760, 1004906]"
2194,"[26601, 856252, 1040807, 981760, 1004906]"
2195,"[26601, 878996, 1127831, 961554, 1004906]"
2196,"[26601, 878996, 961554, 981760, 1004906]"
2197,"[26601, 1004906, 951590, 5569230, 981760]"
2198,"[26601, 1048462, 1004906, 981760, 961554]"
2199,"[26601, 981760, 1127831, 961554, 1004906]"
2200,"[26601, 981760, 1044078, 1004906, 844179]"
2203,"[846550, 1034176, 981760, 1004906, 1048462]"
2204,"[26601, 1048462, 1004906, 981760, 923746]"
2206,"[26601, 1068719, 981760, 1029743, 1004906]"
2207,"[26601, 923746, 981760, 1005186, 1004906]"
2208,"[26601, 1048462, 1004906, 981760, 930917]"
2209,"[26601, 995242, 961554, 962568, 1004906]"
2210,"[26601, 844179, 1044078, 5568378, 1004906]"
2211,"[26601, 1127831, 12487154, 1058997, 1004906]"
2213,"[26601, 854852, 961554, 962568, 1004906]"
2214,"[26601, 1135932, 6513559, 1063515, 1004906]"
2215,"[26601, 845208, 1037863, 1017313, 1004906]"
2216,"[26601, 1127831, 981760, 1070820, 1004906]"
2217,"[26601, 981760, 961554, 1127831, 1004906]"
2218,"[26601, 981760, 1044078, 1118533, 1004906]"
2220,"[26601, 1004906, 916122, 12810393, 981760]"
2221,"[26601, 1004906, 1019883, 7410321, 981760]"
2222,"[26601, 1004906, 981760, 844179, 1048462]"
2223,"[26601, 1110572, 1085604, 1004906, 981760]"
2224,"[26601, 1004906, 981760, 1129610, 1048462]"
2225,"[26601, 870515, 1127831, 992150, 1004906]"
2226,"[26601, 1135932, 1005186, 1004906, 981760]"
2227,"[26601, 1096036, 1044078, 1038217, 1004906]"
2229,"[26601, 1093571, 1127831, 7166797, 1004906]"
2230,"[26601, 1020623, 861027, 1004906, 981760]"
2231,"[26601, 961554, 1127831, 981760, 1004906]"
2232,"[26601, 859075, 981760, 868764, 1004906]"
2233,"[26601, 903325, 1127831, 1057102, 1004906]"
2234,"[26601, 1048462, 1127831, 981760, 878996]"
2235,"[26601, 1037863, 981760, 878996, 1004906]"
2236,"[26601, 1053690, 921345, 5565369, 1004906]"
2237,"[26601, 916122, 1127831, 961554, 1004906]"
2238,"[26601, 1133018, 1068719, 1004906, 981760]"
2240,"[26601, 1044078, 1106523, 899624, 981760]"
2241,"[26601, 1044078, 995242, 908531, 1004906]"
2242,"[26601, 908531, 995242, 1004906, 981760]"
2243,"[26601, 981760, 844179, 1004906, 1048462]"
2244,"[26601, 1133018, 981760, 1068719, 1004906]"
2245,"[26601, 1004906, 909894, 981760, 1081177]"
2247,"[26601, 1044078, 981760, 844179, 1004906]"
2248,"[26601, 1044078, 1004906, 981760, 1048462]"
2250,"[26601, 1044078, 995242, 844179, 1004906]"
2251,"[26601, 844179, 981760, 1044078, 1004906]"
2252,"[26601, 1048462, 962568, 981760, 923746]"
2255,"[26601, 981760, 925164, 923746, 1004906]"
2256,"[26601, 1232690, 1354059, 1147591, 1004906]"
2257,"[1126465, 8181177, 1133018, 1104349, 1004906]"
2259,"[26601, 957741, 845053, 923746, 1004906]"
2260,"[26601, 1053690, 995242, 981760, 1004906]"
2261,"[26601, 930917, 951590, 844179, 1004906]"
2262,"[26601, 940674, 6039740, 1019247, 1004906]"
2263,"[26601, 1004906, 981760, 1068719, 1048462]"
2264,"[26601, 1048462, 1004906, 903325, 961554]"
2266,"[26601, 854852, 1127831, 962568, 1004906]"
2267,"[883653, 916122, 961554, 16734419, 1004906]"
2268,"[26601, 844179, 981760, 1039423, 1004906]"
2269,"[26601, 1004906, 981760, 1048462, 930917]"
2270,"[26601, 1004906, 1068719, 981760, 859075]"
2272,"[26601, 1049027, 15597011, 1045586, 1004906]"
2273,"[26601, 1037863, 6979089, 998373, 1004906]"
2274,"[26601, 5569230, 981760, 845208, 1004906]"
2275,"[26601, 1004906, 844179, 1044078, 981760]"
2276,"[26601, 961554, 981760, 878996, 1004906]"
2277,"[26601, 1133018, 1044078, 1092026, 1004906]"
2278,"[26601, 951412, 1127831, 962568, 1004906]"
2279,"[26601, 844165, 981760, 947658, 1004906]"
2280,"[26601, 1004906, 914190, 981760, 933835]"
2281,"[26601, 1004906, 8069118, 916122, 13213082]"
2282,"[26601, 1137688, 854852, 1051516, 1004906]"
2283,"[26601, 1065056, 15452883, 1111259, 1004906]"
2284,"[26601, 1004906, 1127831, 981760, 827919]"
2285,"[26601, 970119, 6034857, 9827565, 1004906]"
2286,"[26601, 1127831, 981760, 828935, 1004906]"
2287,"[26601, 961554, 995242, 1004906, 981760]"
2288,"[26601, 7464370, 981760, 859075, 1004906]"
2289,"[26601, 961554, 995242, 981760, 1004906]"
2290,"[26601, 879755, 1076467, 1004906, 981760]"
2291,"[13213685, 13158155, 957410, 12523928, 1004906]"
2292,"[26601, 833025, 995242, 859075, 1004906]"
2294,"[26601, 899624, 1038217, 995242, 981760]"
2295,"[26601, 1068719, 981760, 1004906, 1048462]"
2296,"[26601, 1048462, 859075, 1096036, 981760]"
2297,"[26601, 1023720, 966148, 1051516, 1004906]"
2298,"[26601, 1044078, 981760, 844179, 1004906]"
2299,"[26601, 981760, 878996, 1127831, 1004906]"
2300,"[26601, 995242, 981760, 962568, 1004906]"
2301,"[26601, 844179, 1044078, 995242, 1004906]"
2302,"[26601, 859075, 995242, 981760, 1004906]"
2303,"[26601, 995242, 1127831, 961554, 1004906]"
2305,"[26601, 1024306, 961554, 995242, 1004906]"
2307,"[26601, 1004906, 878290, 1138443, 981760]"
2308,"[26601, 1127831, 5710003, 860512, 1004906]"
2309,"[26601, 1068719, 5569230, 981760, 1004906]"
2310,"[26601, 1044078, 981760, 923746, 1004906]"
2312,"[26601, 1127831, 962568, 981760, 1004906]"
2313,"[26601, 961554, 995242, 908531, 1004906]"
2314,"[26601, 1127831, 854852, 951412, 1004906]"
2317,"[26601, 981760, 961554, 962568, 1004906]"
2319,"[26601, 1044078, 995242, 844179, 1004906]"
2321,"[26601, 1029743, 981760, 844179, 1004906]"
2322,"[26601, 1004906, 854852, 878996, 930118]"
2323,"[26601, 6773042, 1121894, 9420066, 1004906]"
2324,"[26601, 962568, 995242, 935933, 1004906]"
2326,"[26601, 1004906, 859075, 981760, 907128]"
2328,"[26601, 1004906, 1005898, 1127831, 908318]"
2330,"[26601, 854852, 1127831, 6034857, 1004906]"
2331,"[26601, 866211, 961554, 1004906, 981760]"
2332,"[1004906, 1072870, 1131506, 860248, 981760]"
2333,"[26601, 923746, 995242, 1068719, 1004906]"
2334,"[26601, 981760, 1004906, 1044078, 1048462]"
2335,"[26601, 1096036, 1044078, 1133018, 1004906]"
2336,"[26601, 833025, 981760, 995242, 1004906]"
2337,"[26601, 1004906, 1044078, 981760, 1048462]"
2338,"[26601, 1004906, 961554, 878996, 981760]"
2339,"[26601, 923746, 1044078, 1043590, 1004906]"
2341,"[26601, 844179, 1044078, 1106523, 1004906]"
2342,"[26601, 981760, 844179, 995242, 1004906]"
2343,"[26601, 916122, 995242, 1004906, 981760]"
2344,"[26601, 844179, 5569230, 981760, 1004906]"
2345,"[26601, 5568378, 1044078, 1068719, 1004906]"
2346,"[26601, 995242, 991442, 822342, 1004906]"
2347,"[26601, 981760, 1004906, 995242, 859075]"
2348,"[26601, 839730, 861445, 986912, 1004906]"
2349,"[26601, 6554272, 7409918, 1004906, 981760]"
2350,"[26601, 981760, 995242, 1004906, 1048462]"
2351,"[26601, 1127831, 961554, 962568, 1004906]"
2352,"[26601, 5996551, 981760, 1004906, 1048462]"
2353,"[26601, 854852, 1127831, 5569230, 1004906]"
2354,"[26601, 985999, 961554, 916122, 1004906]"
2355,"[9704960, 992192, 1019697, 1004906, 981760]"
2357,"[959134, 9679242, 1137483, 1027889, 1004906]"
2358,"[1000753, 854852, 981760, 1117690, 1004906]"
2359,"[26601, 1133018, 879755, 1044078, 1004906]"
2360,"[26601, 916122, 1127831, 961554, 1004906]"
2361,"[26601, 935393, 916122, 1053329, 1004906]"
2362,"[26601, 1004906, 1044078, 908531, 981760]"
2363,"[1328168, 967968, 840501, 1004906, 981760]"
2364,"[26601, 1884880, 1875848, 1903190, 1004906]"
2366,"[26601, 981760, 844179, 995242, 1004906]"
2367,"[26601, 6463709, 985893, 5568378, 1004906]"
2368,"[26601, 844179, 981760, 833025, 1004906]"
2369,"[26601, 951590, 995242, 1004906, 981760]"
2370,"[26601, 1004906, 962568, 981760, 916122]"
2371,"[26601, 1004906, 1026118, 848071, 923751]"
2372,"[26601, 859075, 995242, 1004906, 981760]"
2373,"[26601, 1204210, 1188731, 1361359, 1004906]"
2374,"[26601, 962568, 981760, 844179, 1004906]"
2375,"[26601, 1004906, 981760, 923746, 1048462]"
2376,"[26601, 981760, 995242, 961554, 1004906]"
2377,"[26601, 1004906, 995242, 1038217, 981760]"
2378,"[26601, 859075, 981760, 1004906, 1048462]"
2379,"[26601, 854852, 916122, 979707, 1004906]"
2380,"[26601, 1004906, 961554, 995242, 981760]"
2381,"[26601, 826272, 981760, 1044078, 1004906]"
2383,"[26601, 5569230, 1044078, 981760, 1004906]"
2386,"[26601, 10456368, 8068643, 987724, 1004906]"
2387,"[26601, 917033, 981760, 844179, 1004906]"
2388,"[26601, 1092026, 1106523, 1004906, 981760]"
2389,"[26601, 1004906, 981760, 1103826, 1048462]"
2392,"[26601, 844179, 1044078, 1004906, 981760]"
2393,"[26601, 7024990, 1127831, 870515, 1004906]"
2394,"[859702, 967332, 1061487, 1004906, 981760]"
2395,"[26601, 1004906, 1106523, 923746, 981760]"
2396,"[26601, 981760, 1127831, 914190, 1004906]"
2398,"[26601, 1004906, 891118, 5578856, 981760]"
2399,"[26601, 923746, 1106523, 1004906, 981760]"
2400,"[26601, 1004906, 981760, 844179, 5568378]"
2401,"[26601, 923746, 1037863, 845208, 1004906]"
2402,"[26601, 981760, 1133018, 923746, 1004906]"
2404,"[26601, 6401013, 5978585, 1523514, 1004906]"
2405,"[26601, 1004906, 1127831, 981760, 936914]"
2406,"[26601, 961554, 1127831, 866211, 1004906]"
2407,"[26601, 995242, 981760, 908531, 1004906]"
2408,"[8016020, 12384477, 10457180, 1004906, 981760]"
2410,"[26601, 1004906, 859075, 981760, 5569230]"
2412,"[26601, 930917, 1048462, 981760, 844179]"
2415,"[26601, 1068719, 844165, 1120616, 1004906]"
2416,"[12808385, 962568, 995242, 1032458, 1004906]"
2418,"[26601, 1048462, 981760, 1029743, 1004906]"
2419,"[1029743, 5591359, 860248, 1004906, 981760]"
2420,"[26601, 923746, 1048462, 1044078, 1068719]"
2421,"[26601, 962568, 1127831, 933835, 1004906]"
2423,"[26601, 5568378, 1106523, 1004906, 981760]"
2424,"[26601, 1004906, 1081177, 981760, 1048462]"
2425,"[26601, 878996, 961554, 1029743, 1004906]"
2426,"[26601, 844179, 995242, 1058404, 1004906]"
2427,"[26601, 1004906, 902238, 981760, 961554]"
2430,"[26601, 5569230, 981760, 1004906, 1048462]"
2431,"[26601, 923746, 981760, 1043590, 1004906]"
2432,"[26601, 908531, 1044078, 995242, 1004906]"
2435,"[26601, 1096036, 981760, 995242, 1004906]"
2437,"[26601, 866211, 1127831, 1070140, 1004906]"
2438,"[26601, 2070210, 1751539, 1871941, 1004906]"
2440,"[26601, 1004906, 1068719, 981760, 1106523]"
2441,"[26601, 1004906, 961554, 995242, 981760]"
2442,"[26601, 936742, 995242, 1004906, 981760]"
2445,"[26601, 1068719, 908531, 981760, 1004906]"
2446,"[26601, 1188731, 1127831, 1421739, 1004906]"
2447,"[26601, 1127831, 981760, 1107553, 1004906]"
2448,"[26601, 961554, 844179, 981760, 1004906]"
2449,"[26601, 1004906, 1127831, 916122, 901062]"
2450,"[26601, 878996, 1127831, 866211, 1004906]"
2451,"[26601, 962568, 981760, 916122, 1004906]"
2452,"[26601, 981760, 1106523, 1043590, 1004906]"
2453,"[26601, 1137688, 1127831, 854852, 1004906]"
2454,"[1032063, 999657, 1059236, 12731408, 1004906]"
2455,"[26601, 844179, 981760, 951590, 1004906]"
2456,"[26601, 981760, 961554, 995242, 1004906]"
2457,"[26601, 933835, 981760, 995242, 1004906]"
2458,"[26601, 972456, 1127831, 835675, 1004906]"
2459,"[26601, 1096036, 981760, 1044078, 1004906]"
2460,"[26601, 9803601, 5569230, 1004906, 981760]"
2461,"[26601, 1127831, 876624, 1004906, 981760]"
2462,"[26601, 878996, 1127831, 962568, 1004906]"
2464,"[26601, 1252292, 1407216, 1169329, 1004906]"
2465,"[26601, 1004906, 969866, 981760, 856252]"
2466,"[26601, 923746, 1106523, 1101173, 1004906]"
2467,"[26601, 908531, 961554, 981760, 1004906]"
2468,"[26601, 1004906, 860703, 1133018, 981760]"
2469,"[26601, 979707, 844179, 916122, 1004906]"
2470,"[26601, 1129912, 12757065, 999372, 1004906]"
2471,"[26601, 914814, 1062939, 1029743, 1004906]"
2472,"[26601, 1004906, 981760, 1127831, 1048462]"
2474,"[26601, 995242, 10456404, 1004906, 981760]"
2475,"[26601, 1029743, 933835, 859075, 1004906]"
2478,"[26601, 932949, 981760, 1125391, 1004906]"
2479,"[26601, 878996, 1081177, 961554, 1004906]"
2481,"[26601, 981760, 995242, 914190, 1004906]"
2482,"[26601, 1038217, 1044078, 1106523, 1004906]"
2483,"[26601, 981760, 1004906, 995242, 15629834]"
2484,"[26601, 995242, 981760, 1004906, 1048462]"
2485,"[26601, 12555363, 995242, 13213108, 1004906]"
2486,"[26601, 1004906, 1044078, 981760, 995242]"
2487,"[26601, 981760, 1039081, 1004906, 1048462]"
2488,"[26601, 1127831, 916122, 981760, 1004906]"
2489,"[26601, 962568, 961554, 1127831, 1004906]"
2490,"[26601, 1106523, 981760, 1101914, 1004906]"
2492,"[26601, 981760, 1044078, 1106523, 1004906]"
2494,"[26601, 981760, 995242, 961554, 1004906]"
2495,"[26601, 1004906, 867931, 981760, 1048462]"
2496,"[26601, 899624, 981760, 916122, 1048462]"
2497,"[26601, 844179, 981760, 995242, 1004906]"
2498,"[26601, 961554, 981760, 844179, 1004906]"
2499,"[26601, 859075, 5568378, 1053690, 1004906]"
2500,"[26601, 9677100, 961554, 995242, 1004906]"
